{"rightShoulder": [72.688767269825803, 171.96251067873072, 737.03837248811851], "leftAnkle": [222.68329554962648, 482.52611381976931, 0.0], "rightEar": [254.28388550346409, 228.86925269963393, 878.01868623010591], "leftEar": [250.32493508963279, 429.15860059491666, 896.08738629162076], "leftEye": [366.50588644370731, 366.42220512388286, 884.57068259983862], "nose": [385.32436843112208, 331.44093008175423, 833.48713554015239], "leftShoulder": [168.24802655068623, 585.14570954627561, 731.80970527202589], "rightWrist": [254.68181334306658, 42.803578942056674, 408.38803308568095], "leftElbow": [217.95276002024312, 716.47262719670607, 442.84297921598409], "rightEye": [369.24978657616515, 282.38663665907387, 880.18469988157585], "rightHip": [0.0, 259.59139860895061, 342.9648232607351], "leftKnee": [439.79067590933988, 542.24909495682118, 311.39749297890467], "rightKnee": [397.04063634927604, 154.27488617400627, 346.46921917300142], "rightElbow": [42.047963521083375, 0.0, 478.87625994420478], "leftWrist": [442.63799758805612, 638.95318740137009, 396.29467557095631], "rightAnkle": [141.51216669871761, 180.89935857849036, 20.626465812569677], "leftHip": [39.623770520025175, 508.34821360827527, 336.68148607268586]}