{"rightShoulder": [338.29649606026607, 443.19539896603942, 2400.4830876989668], "leftAnkle": [86.34454392106062, 1032.1580741092534, 0.0], "rightEar": [265.71615833298569, 610.62343859563794, 2799.8722840674436], "leftEar": [181.19227079417283, 804.68072048956788, 2779.1524339842363], "leftEye": [331.02068598290236, 812.64535847429715, 2814.2137065179495], "nose": [386.39151119098943, 792.70306122305601, 2784.1877932718326], "leftShoulder": [0.0, 1047.2373751426699, 2428.8738930628406], "rightWrist": [417.70351545329908, 304.94388197948115, 1356.4203532247675], "leftElbow": [73.267271443037203, 1145.6702843549829, 1733.346056446786], "rightEye": [362.41745441711521, 740.25053178170549, 2817.6953970930977], "rightHip": [405.06274396009951, 558.20808134710092, 1370.368367682132], "leftKnee": [206.05945898959703, 956.94139959937638, 670.00189182084523], "rightKnee": [386.95650876749932, 503.94829694513646, 674.52090386565214], "rightElbow": [363.46536238712122, 0.0, 1789.9827049391888], "leftWrist": [305.87612798072246, 1162.3196329395819, 1320.973696697557], "rightAnkle": [352.22965915276268, 440.23045311239366, 27.247734552654038], "leftHip": [193.91749964251662, 921.14831884382602, 1357.6991848822281]}