{"rightShoulder": [115.61399847734427, 101.24615112918832, 1265.4694475028803], "leftAnkle": [10.443760257889267, 459.03680979969999, 1.7094831613126189], "rightEar": [148.28698495746519, 162.62367174716042, 1503.1017731093355], "leftEar": [123.51772133251845, 388.63352054507493, 1475.3931949661162], "leftEye": [236.89531429404414, 320.61219019215878, 1485.0766324024191], "nose": [249.31869615771276, 278.72764322526677, 1447.0014883703452], "leftShoulder": [45.168598864864663, 474.8301459942777, 1301.6019164180709], "rightWrist": [389.67838536024294, 109.75371190536487, 973.80895581045229], "leftElbow": [0.0, 572.57733035733065, 988.82907537724236], "rightEye": [247.38344399790796, 234.784207867585, 1499.3196230477345], "rightHip": [86.691805469438577, 258.91272393712552, 678.25261674874287], "leftKnee": [66.221855326679986, 524.62831680424301, 331.14463073139314], "rightKnee": [157.15941936115053, 337.24462825116677, 322.37042600874543], "rightElbow": [189.73324785815069, 0.0, 920.96074994275818], "leftWrist": [236.96566941678779, 545.20454702803465, 1010.0533672700094], "rightAnkle": [136.74043138839551, 352.39396813505948, 0.0], "leftHip": [18.261153868506085, 491.44439418087677, 695.51296652085603]}