{"rightShoulder": [0.0, 135.19230394940587, 1373.6111126851301], "leftAnkle": [0.0, 522.90393979746113, 0.0], "rightEar": [74.378121023462867, 217.86098426569333, 1606.9784908221677], "leftEar": [74.378121023462867, 447.262474547083, 1626.5805704163499], "leftEye": [146.33662768710747, 363.1412613806724, 1650.0], "nose": [180.0509021388458, 327.69876064464711, 1605.7721389566059], "leftShoulder": [0.0, 524.99420172383861, 1359.8724576339041], "rightWrist": [0.0, 0.0, 818.22916925866571], "leftElbow": [0.0, 614.57676279544194, 1052.4913518594026], "rightEye": [146.33662768710747, 267.73182079668095, 1634.9255610728351], "rightHip": [0.0, 208.96920027642523, 764.0607346946822], "leftKnee": [0.0, 458.10679569791819, 374.82193120660077], "rightKnee": [0.0, 206.75178278206386, 384.74299236381694], "rightElbow": [0.0, 57.486837161690346, 1052.8435500182929], "leftWrist": [0.0, 594.74455926572409, 781.89438440587674], "rightAnkle": [0.0, 164.12328512317799, 42.262803448662453], "scaleBenchmark": 96.592960724470117, "leftHip": [0.0, 422.28762504727229, 765.24253350299887]}