{"rightShoulder": [5.5151501912187655, 137.93856539318017, 1461.1900052576746], "leftAnkle": [0.0, 631.0894710844417, 33.246204840540486], "rightEar": [20.891092751423685, 223.6269968018359, 1695.6552414773664], "leftEar": [59.57322627548217, 447.96470085064817, 1670.3961725113179], "leftEye": [149.70611017386784, 351.74466370754601, 1684.285615324221], "nose": [152.19549540640696, 308.15871958045511, 1646.1747150418921], "leftShoulder": [1.3063181548490093, 567.07257508676287, 1436.1544212183223], "rightWrist": [114.80043905871912, 156.2133412817401, 914.96491198852573], "leftElbow": [33.801152173232424, 711.5128259478339, 1054.9873335017724], "rightEye": [135.87354608244709, 266.24899309976598, 1697.6443830479918], "rightHip": [25.078318042466364, 215.44105539160705, 793.45047677844991], "leftKnee": [124.90265544508685, 548.42593690867545, 337.00527614010298], "rightKnee": [96.36424248245028, 154.02473163117645, 345.91467860255761], "rightElbow": [71.067836595063483, 0.0, 1114.744592425581], "leftWrist": [197.47034510373686, 606.68521185054522, 838.09841949967245], "rightAnkle": [29.573969153417835, 123.09041087165542, 0.0], "leftHip": [35.545854932596413, 499.72106751404351, 786.16904443066824]}