{"rightShoulder": [491.95766818377905, 84.214681680643025, 986.94992298357511], "leftAnkle": [1051.1366074099128, 197.58162060993527, 233.25986537415429], "rightEar": [634.78438192194028, 160.63524336555309, 1269.914813710112], "leftEar": [703.5983851873566, 334.00534324430089, 1249.9295762756453], "leftEye": [763.30329364709678, 261.04107246460046, 1274.1958934373101], "nose": [781.12014115098827, 218.48846075000392, 1245.8065615723513], "leftShoulder": [775.78219360956075, 419.1473631625272, 1048.7957973983607], "rightWrist": [0.0, 208.30319712114397, 541.895863134911], "leftElbow": [916.94232693936533, 417.94705538430389, 765.90693416145359], "rightEye": [732.30732099515876, 182.8180858691893, 1275.4893599825234], "rightHip": [531.87653769809162, 133.35030397533001, 332.0518459630639], "leftKnee": [644.85518448637868, 301.38128654093907, 24.363374649075467], "rightKnee": [689.53646397040643, 159.01600287866904, 0.0], "rightElbow": [226.85026057887774, 0.0, 685.49462607196438], "leftWrist": [914.82968194186901, 348.38715347980656, 491.41045955438449], "rightAnkle": [916.44209108612267, 199.86431997057798, 114.56595535971746], "leftHip": [760.84646497811718, 325.69575139216613, 371.0981679121287]}