{"rightShoulder": [0.0, 205.69001347437484, 1112.9056827389416], "leftAnkle": [930.58380955783264, 651.1081018302832, 0.0], "rightEar": [105.54186435048422, 296.94053593086562, 1344.8014353322874], "leftEar": [87.055963262606298, 495.98272519811167, 1322.4753867951913], "leftEye": [198.70483203146085, 445.53741271018862, 1373.0352897696923], "nose": [239.17565936089261, 405.6163529589021, 1342.1196825188488], "leftShoulder": [237.92615327941033, 602.88717715219468, 1103.1207873630146], "rightWrist": [511.21325200123488, 0.0, 612.68379109685816], "leftElbow": [368.17662103803946, 696.93055309400938, 852.76659910118315], "rightEye": [206.03740919087633, 362.62365056389115, 1385.6956198796788], "rightHip": [199.25137182915222, 261.12957649435657, 609.35385574691827], "leftKnee": [891.66874268880258, 680.62706695904808, 553.02937650830381], "rightKnee": [909.55215473589135, 128.96569645160275, 538.62539370205036], "rightElbow": [161.84416715048462, 65.389723070898526, 736.81530414617964], "leftWrist": [511.10811344060522, 730.66447931068069, 703.27752705668308], "rightAnkle": [881.68912193704273, 175.99286038920968, 1.9363018249282504], "leftHip": [305.30879967090948, 527.90914590987973, 651.65066061086554]}