{"rightShoulder": [0.0, 130.12461708112869, 1277.9499059634563], "leftAnkle": [0.0, 426.7560760705851, 0.0], "rightEar": [43.284278124722604, 226.0067694325827, 1509.6660612485059], "leftEar": [43.284278124722604, 372.83262875708101, 1518.749425798936], "leftEye": [75.941246971281771, 341.05420559707522, 1536.301222681072], "nose": [56.688962834897936, 300.03989777736251, 1528.8592531728941], "leftShoulder": [0.0, 483.81170089738839, 1284.4916833747918], "rightWrist": [0.0, 0.0, 801.75550220394234], "leftElbow": [0.0, 573.68245435780432, 998.61782680742181], "rightEye": [75.941246971281771, 276.55768943578664, 1550.0], "rightHip": [0.0, 187.90784327752829, 751.77120394439271], "leftKnee": [0.0, 436.75555651393211, 335.45035636182138], "rightKnee": [0.0, 180.06288561764995, 342.29510058076357], "rightElbow": [0.0, 94.219608517540223, 1003.9168846334351], "leftWrist": [0.0, 593.72238584481579, 763.97679363557563], "rightAnkle": [0.0, 123.47344650821822, 1.4809130349381121], "scaleBenchmark": 65.935249275155854, "leftHip": [0.0, 433.18779682884247, 735.89534513088984]}