{"rightShoulder": [0.0, 27.951324910511858, 1226.7231156115561], "leftAnkle": [560.55662048525051, 398.31047255074736, 0.0], "rightEar": [86.126493913689444, 96.437058412150236, 1630.9495511446178], "leftEar": [131.98438967413028, 292.53095972564972, 1562.5678015890483], "leftEye": [259.12381931206238, 218.1760658566692, 1607.8248173650727], "nose": [290.05666020833115, 163.43583470771819, 1587.5308424466325], "leftShoulder": [104.65334776647154, 338.10209873837402, 1182.0179206443554], "rightWrist": [420.53800425407451, 98.238995008532584, 673.40066601757599], "leftElbow": [237.60961447887522, 386.09127687734463, 708.49779558753653], "rightEye": [241.66067881691657, 144.16544887608359, 1629.1873422023409], "rightHip": [27.687863245429639, 89.414799893796499, 573.76364706318645], "leftKnee": [654.35765953814303, 424.48371519661305, 383.64094307519053], "rightKnee": [635.98296235978819, 8.1831473808288138, 445.48073459353554], "rightElbow": [98.512813396436854, 0.0, 808.5076565635236], "leftWrist": [401.34746458760083, 318.4491815110664, 622.26090597854136], "rightAnkle": [564.64826099323159, 83.766310084163479, 12.592037694999817], "leftHip": [100.39125564610814, 308.57902420885966, 494.56545355438948]}