{"rightShoulder": [75.904915923121095, 110.60718586068015, 1089.1207944921214], "leftAnkle": [0.0, 377.20445664195563, 0.0], "rightEar": [32.550415431998147, 141.46344346537455, 1238.7086867337853], "leftEar": [31.681265979046657, 340.78320961571774, 1218.260459801204], "leftEye": [136.40278876752586, 272.91005687925917, 1238.4538256149369], "nose": [189.26696398844138, 257.77156596501095, 1197.6083358525525], "leftShoulder": [72.6776555477351, 402.45510803221077, 1069.9428132796852], "rightWrist": [163.97859827763807, 93.854274226061762, 727.44317409180144], "leftElbow": [49.168619359545318, 494.76536572833174, 850.48002530326607], "rightEye": [135.91352778005296, 210.50180923678533, 1240.2292877800032], "rightHip": [93.793410733723277, 176.03793226057041, 639.97402848193383], "leftKnee": [49.222449491076816, 356.28646627047328, 314.9078201223524], "rightKnee": [53.038629227272963, 168.19761790762118, 313.98495457518857], "rightElbow": [121.55901473006359, 0.0, 867.97448576628813], "leftWrist": [157.08861834555623, 447.23391339382624, 719.8481966551949], "rightAnkle": [33.762457867505788, 147.69238059200825, 6.5104553524661242], "leftHip": [34.703488315021929, 351.10725443833394, 647.04327604340665]}