{"rightShoulder": [28.404936000886323, 286.31027437176533, 1184.7252229491401], "leftAnkle": [54.641138424953056, 479.38495204065805, 0.0], "rightEar": [946.40084630932392, 220.26631223323514, 2117.6382508605516], "leftEar": [946.40084630932392, 374.66541672813605, 2117.6382508605516], "leftEye": [946.40084630932392, 393.06406296578007, 2117.6382508605516], "nose": [946.40084630932392, 384.07956202956552, 2117.6382508605516], "leftShoulder": [0.0, 553.08531292360931, 1151.7929578592243], "rightWrist": [946.40084630932392, 0.0, 2117.6382508605516], "leftElbow": [236.36452432664464, 533.43364170386906, 822.77176662641614], "rightEye": [946.40084630932392, 333.82360614457264, 2117.6382508605516], "rightHip": [120.1893645846734, 306.1711582023355, 696.20827629810174], "leftKnee": [128.930104442333, 545.70143977698615, 337.81216332328631], "rightKnee": [99.796867335010006, 264.92943474708864, 340.26810863762194], "rightElbow": [175.12109448840033, 154.8773058541002, 837.01770737716129], "leftWrist": [946.40084630932392, 888.19500862901748, 2117.6382508605516], "rightAnkle": [91.221602260132272, 176.7735891553798, 44.996284645990272], "leftHip": [102.17872341940915, 534.23921297319077, 703.13581810542337]}