{"rightShoulder": [103.32047399379849, 399.90677247993676, 1846.3421787603354], "leftAnkle": [69.203333991974887, 1026.8347899440662, 0.0], "rightEar": [169.38323998358442, 541.842060964859, 2099.9185672270182], "leftEar": [103.19096356699924, 827.04736138132307, 2115.1173698929961], "leftEye": [261.96631809338533, 710.82336378283094, 2120.2850992521885], "nose": [321.94077737414887, 649.15545393056914, 2085.3107007690905], "leftShoulder": [13.124840406128442, 882.5048752127916, 1833.5996454736137], "rightWrist": [466.16296624209622, 379.47967458049607, 1456.0088840588523], "leftElbow": [295.68475270549629, 1211.4338293409535, 1438.2444104146398], "rightEye": [304.8817884393236, 605.11771947957186, 2136.0663397525532], "rightHip": [55.38258450875469, 479.07486852504871, 1098.8595839919744], "leftKnee": [327.85612422482995, 1256.794078307393, 604.89388907465946], "rightKnee": [492.88400755410953, 0.0, 599.87290628039864], "rightElbow": [284.70976144516021, 123.56252279912451, 1505.7837389044262], "leftWrist": [366.93523718689221, 1019.2860796145426, 1443.2641962548632], "rightAnkle": [472.42710549914887, 209.07471463095817, 14.095570130107262], "leftHip": [0.0, 785.68254499027239, 1064.9651971364301]}