{"rightShoulder": [432.11261627553495, 124.20084318762167, 1736.2389253252672], "leftAnkle": [787.88134955617693, 268.50267699720337, 28.278039123297731], "rightEar": [360.17711499878396, 170.50591257295719, 2042.2172433578548], "leftEar": [280.70032450753888, 297.75224381383759, 2073.3990929748297], "leftEye": [489.11276446984448, 257.79649311466449, 2100.609209706347], "nose": [536.05754119041831, 231.80800857247084, 2026.1122267904911], "leftShoulder": [0.0, 335.92500797969365, 1748.094515670598], "rightWrist": [1022.012740910749, 59.068161782587595, 1311.9773699689931], "leftElbow": [43.646928957928139, 384.72358911417803, 948.95425735651725], "rightEye": [500.68036767388139, 204.78382630107012, 2112.6314160536231], "rightHip": [411.51327669017519, 147.77290552042803, 934.03374650413389], "leftKnee": [919.21150557818578, 350.79127211515083, 679.43707441634206], "rightKnee": [945.56735621352141, 289.56431823017999, 1107.7154878252672], "rightElbow": [851.9915244254621, 0.0, 1490.2439240333169], "leftWrist": [197.03371610530166, 393.7575522099952, 592.94373936040847], "rightAnkle": [848.93821437256815, 244.84478546023831, 0.0], "leftHip": [58.113076057879425, 294.81419663484928, 846.64772312743162]}