{"rightShoulder": [159.94764926697383, 99.482875569075304, 1782.2725697487006], "leftAnkle": [34.717707090597116, 460.03792834655053, 0.0], "rightEar": [156.34336684382276, 216.57102341922138, 2032.0909516167133], "leftEar": [166.36806468810391, 427.09355860829646, 2062.8437919636608], "leftEye": [268.58928637223585, 341.60160394412253, 2041.4476389093279], "nose": [290.7633937405036, 304.78642019891413, 2000.6115172829138], "leftShoulder": [25.426080482629857, 515.02252963882427, 1753.4792385823941], "rightWrist": [261.14050014377864, 65.104442326751951, 1100.3146618542062], "leftElbow": [0.0, 663.25842810716802, 1398.2618498806808], "rightEye": [267.24277658080746, 262.09638679326548, 2037.1303811467794], "rightHip": [168.57886960020681, 219.13769547888273, 1091.8108516063505], "leftKnee": [64.454130875445969, 407.45501721954815, 564.95571562892928], "rightKnee": [108.31804059592338, 284.43686548655421, 545.35702875365769], "rightElbow": [224.25547835359993, 0.0, 1401.2505406809462], "leftWrist": [118.05442464190403, 581.0160479362363, 1029.5983504816452], "rightAnkle": [29.373887952152472, 256.40719837008101, 3.752790689261019], "leftHip": [49.375098105332029, 467.83903233001809, 1082.1479493546346]}