{"rightShoulder": [63.245974054596445, 305.09652199355537, 1838.4009273543893], "leftAnkle": [127.00963073017988, 668.65742605483933, 0.0], "rightEar": [218.59337191451846, 436.77618859435779, 2119.5762032237963], "leftEar": [125.53917269576846, 705.99329515746581, 2132.4516582563228], "leftEye": [287.28105810736861, 553.16883701665847, 2130.2351387706713], "nose": [354.41342222458661, 533.72790954827315, 2070.930135882782], "leftShoulder": [0.0, 702.55253108280635, 1874.1453862171693], "rightWrist": [297.86835595513139, 278.32305409472269, 2171.4241226136915], "leftElbow": [1.6146909958656579, 1100.924449401143, 1522.5793979511186], "rightEye": [315.47566953428986, 411.40327661417791, 2132.5296398118312], "rightHip": [90.036678091561271, 367.69638025899803, 1153.3348174930084], "leftKnee": [175.59315722276256, 687.37754780216414, 580.58303441147882], "rightKnee": [112.82620417375983, 402.05805797057383, 576.95500687773574], "rightElbow": [39.646828261794781, 0.0, 1541.7119302118799], "leftWrist": [9.3824439141535549, 716.22820973674584, 1204.6251956924855], "rightAnkle": [96.584375759970953, 363.79814035141044, 26.156258549671293], "leftHip": [89.414142296935779, 673.21782093567595, 1178.3248837244651]}