{"rightShoulder": [168.35329121622345, 84.081218326371413, 940.77458088201638], "leftAnkle": [329.9610419966524, 497.01222879208319, 12.331865807638223], "rightEar": [180.48134780074349, 178.90162665722391, 1065.6158605969867], "leftEar": [216.04094652084893, 311.00287826565886, 1119.7001904928393], "leftEye": [245.4475741954094, 275.9930814576565, 1102.5544696609395], "nose": [217.38312419019246, 240.35029625874688, 1095.4703105910196], "leftShoulder": [9.7681311031231814, 382.08535754440402, 915.45409489891222], "rightWrist": [349.48522904598246, 42.804195127620005, 740.76693665212838], "leftElbow": [0.0, 426.43360745917437, 690.45132308060533], "rightEye": [239.85402455773612, 211.19791879816694, 1091.7029169905559], "rightHip": [113.29225278365773, 166.63794809207741, 574.69271949682184], "leftKnee": [264.60146001272022, 475.17520196527414, 380.27531388407442], "rightKnee": [474.0489699688253, 36.443829836049417, 417.2621903603258], "rightElbow": [260.31556195654252, 0.0, 789.36843697659924], "leftWrist": [274.96205645379456, 360.42409133493072, 653.18314017101079], "rightAnkle": [562.56780846188587, 7.0853219345740399, 0.0], "leftHip": [5.4403054187643249, 329.78897101059681, 579.16790681836119]}