{"rightShoulder": [103.37055749559204, 217.56469584067963, 1671.8181855316761], "leftAnkle": [668.58525495120966, 664.11671346820276, 704.22857547270178], "rightEar": [228.65636447060433, 324.60227687256838, 1952.1062249209633], "leftEar": [205.3842037215768, 600.44497336302311, 1949.3160804125125], "leftEye": [362.21404530565997, 501.32058038971309, 1977.3530107193885], "nose": [422.72556171343012, 463.10770781402016, 1940.3433073169992], "leftShoulder": [142.05865787253742, 729.81757470513139, 1675.9531615735959], "rightWrist": [574.38994340117324, 176.31637775109448, 1191.2217651842175], "leftElbow": [330.35731025428595, 910.22623761247587, 1374.5795309460118], "rightEye": [401.45177367689075, 403.3135630091806, 1961.6527854830376], "rightHip": [0.0, 317.293212890625, 953.84643934672931], "leftKnee": [715.86122410399412, 702.61785247446505, 989.96704671540647], "rightKnee": [702.49252521203198, 228.23233827821014, 970.86157131566142], "rightElbow": [328.74164554581102, 0.0, 1266.9169608387037], "leftWrist": [548.54726970984302, 832.78854002006346, 1191.5723520716811], "rightAnkle": [372.0568339425763, 199.60912895944784, 0.0], "leftHip": [50.783622533894686, 667.40844156584399, 1018.1847612551683]}