{"rightShoulder": [286.24831642868708, 92.418137979618677, 1670.2940665800352], "leftAnkle": [163.55516425837942, 485.9169882812846, 0.0], "rightEar": [430.76847218071441, 195.66790861072582, 1903.5385127346769], "leftEar": [441.48332403856784, 406.66305441775114, 1879.0830674567628], "leftEye": [581.47625481470573, 342.64182107639999, 1872.4089905889712], "nose": [610.16670369748829, 298.92937391337728, 1832.0201421767038], "leftShoulder": [401.21153380105056, 530.01266044389786, 1622.00463756354], "rightWrist": [8.8914094807385027, 14.830817343164881, 1199.9449658294141], "leftElbow": [347.12634498987723, 605.75488140951938, 1176.6983336285593], "rightEye": [576.11215365072496, 264.00270382260726, 1877.5085813048884], "rightHip": [107.44492105413963, 145.41412715621368, 1026.5703173291975], "leftKnee": [270.77435263462826, 463.13895998118642, 497.37004646781907], "rightKnee": [246.22361246549917, 52.118540775322799, 534.24509177755863], "rightElbow": [0.0, 0.0, 1470.6476071837533], "leftWrist": [374.98459883195835, 607.19970585232318, 882.55816825335069], "rightAnkle": [219.90737665680206, 84.424247038346493, 31.03937074584519], "leftHip": [232.5593437164693, 453.81626803644599, 960.98663063659069]}