{"rightShoulder": [95.355389052121154, 117.96669740127231, 1395.8518585231432], "leftAnkle": [443.31453601204862, 355.45767771165777, 0.0], "rightEar": [208.42172355209601, 166.68536377914972, 1614.7772292135003], "leftEar": [256.69960926438773, 373.36635640319207, 1596.9395550994011], "leftEye": [341.46299817756397, 269.73271415992588, 1614.0007372322546], "nose": [360.73416111214226, 220.42775786955031, 1587.3121406859145], "leftShoulder": [247.11246452074374, 429.80537463387793, 1382.0174514781563], "rightWrist": [520.39530642422051, 67.347725658188892, 1172.4949669662165], "leftElbow": [324.55103847206817, 500.69458815115229, 1035.9571487033643], "rightEye": [324.67962275793531, 193.18288836097804, 1628.1419478270439], "rightHip": [81.602861597886147, 193.0499267328936, 824.59358421590946], "leftKnee": [433.54494372562681, 345.50076600241619, 379.8337784959474], "rightKnee": [136.63683919111199, 230.90581821190563, 412.83156374726173], "rightElbow": [131.37122415304407, 0.0, 1049.0885030514651], "leftWrist": [523.75469593654816, 298.28753414078813, 1085.9941365835634], "rightAnkle": [0.0, 270.15062247616197, 70.627772879992335], "leftHip": [293.73582133986167, 353.83445581902902, 808.14187419057362]}