{"rightShoulder": [1422.4951514139218, 8.9236663598228461, 1456.8037492867134], "leftAnkle": [1249.4085699067823, 465.60589647762026, 0.0], "rightEar": [1438.2780104008966, -37.552550163821593, 1583.6752902132723], "leftEar": [1377.8877897097927, 103.32516541348468, 1475.5158764237594], "leftEye": [1452.5626979388005, 117.89399242413629, 1536.2507297924215], "nose": [1503.4727685284579, 99.413516037415093, 1535.3814268964961], "leftShoulder": [1289.3165663364064, 333.576720330836, 1466.3289938259279], "rightWrist": [1545.5964123923413, 90.939373621298955, 1390.305434360854], "leftElbow": [1310.9694506465989, 496.21771225853149, 1342.1982996479724], "rightEye": [1483.1293244709532, 51.866311207030321, 1578.5270312364371], "rightHip": [1385.158109032853, 202.05803853033126, 968.9046730516734], "leftKnee": [1298.2641322442764, 482.39612563210267, 473.31833374243161], "rightKnee": [1337.4745805315742, 172.66138199233296, 477.12909012344107], "rightElbow": [1482.8984442665644, 27.237836917983486, 1237.4310724076458], "leftWrist": [1478.2766965551664, 691.11502131318548, 1395.2525345863291], "rightAnkle": [1267.1684833906841, 80.092908955950179, 13.287723833170276], "leftHip": [1269.7362508328329, 432.50789037855975, 976.99833466288419]}