{"rightShoulder": [133.18933809721653, 194.43204214536172, 1638.0164609064905], "leftAnkle": [138.91204745135747, 712.22756332917379, 13.028073318150746], "rightEar": [4.1276446152072879, 309.88720572870727, 1859.1875765976254], "leftEar": [-22.167278202534163, 520.52671794255093, 1872.2796099205154], "leftEye": [115.28282967610269, 478.023678680557, 1927.4361307092843], "nose": [168.29225598888792, 448.63802152224457, 1901.1366469594414], "leftShoulder": [43.959673149756455, 605.65193483465168, 1649.3303300781904], "rightWrist": [198.73744734881038, 78.160827088498991, 1175.7233741776172], "leftElbow": [18.796764107531942, 808.39616181852762, 1286.545941414885], "rightEye": [125.76431225960496, 400.2547834732402, 1918.4345958230456], "rightHip": [335.38777661025739, 258.15002937181907, 1036.0226385323986], "leftKnee": [261.94699967654873, 636.18746499670237, 551.1554077157698], "rightKnee": [279.9357897785298, 194.32363558280781, 553.52167530589577], "rightElbow": [89.812096460506766, 0.0, 1306.5658320006694], "leftWrist": [172.05603439665595, 736.56585166523041, 1205.6931195272382], "rightAnkle": [143.90666666205416, 134.77940251894461, 0.0], "leftHip": [304.9969915401557, 560.70036193838177, 1035.0620021016784]}