{"rightShoulder": [37.794658127125814, 110.2201633875884, 996.73624094329216], "leftAnkle": [317.92933833953032, 436.21133690305624, 28.166206044763385], "rightEar": [117.06069458230023, 172.37646507924705, 1235.3997446136821], "leftEar": [69.404091171466064, 362.08666377268815, 1319.6900657765943], "leftEye": [190.03048684824108, 301.77223416965177, 1314.4660741884929], "nose": [231.02455162866124, 282.83531276284134, 1276.0536116057424], "leftShoulder": [0.0, 433.96643258125323, 1082.6696063297272], "rightWrist": [426.27542130017548, 94.037734738499012, 580.26484532990298], "leftElbow": [153.03696908547522, 566.86504957216744, 709.1134667623819], "rightEye": [208.14100024087489, 228.16228671604142, 1290.0710685942411], "rightHip": [152.40356026430749, 168.06573901389868, 431.35772385042992], "leftKnee": [608.0699380591517, 403.88387124855899, 432.66404499460623], "rightKnee": [569.62429984972937, 71.006731351886401, 474.42852442767844], "rightElbow": [141.8288941768767, 0.0, 680.21098850126009], "leftWrist": [390.15340666241309, 498.09085237424938, 639.04367641924227], "rightAnkle": [496.59588947741941, 189.15828087279249, 0.0], "leftHip": [84.806356421834835, 464.81959914200729, 451.5778103571206]}