{"rightShoulder": [138.47323638893835, 130.84322006207094, 1044.9639646618123], "leftAnkle": [443.45198691556823, 368.39148495258223, 0.0], "rightEar": [119.81757350444343, 250.11003753317055, 1275.6203937342195], "leftEar": [111.30145645289878, 450.79721677317616, 1286.1135309993081], "leftEye": [226.98860982933257, 388.80203500830078, 1304.5413149072454], "nose": [257.51269202731817, 352.5172901375231, 1260.5066541987071], "leftShoulder": [22.718860536669894, 501.49582849241915, 1045.1152000155912], "rightWrist": [364.69177390668438, 0.0, 367.58459407954524], "leftElbow": [107.00419002097291, 608.59222597546614, 737.58955845865239], "rightEye": [230.85111735339808, 304.70247630186554, 1303.4983093680528], "rightHip": [98.977454867525353, 150.89819190343951, 528.47225522053486], "leftKnee": [462.55737305734613, 412.71561197165829, 465.30349266964458], "rightKnee": [499.40415512118591, 143.14755007700569, 458.50976779183566], "rightElbow": [233.41321369580419, 32.562082692979629, 644.8597637857506], "leftWrist": [384.91045178317796, 598.44063788041649, 507.96032738269059], "rightAnkle": [457.14728916985882, 174.49831392190049, 242.17382955149787], "leftHip": [0.0, 415.68454109067443, 552.62501737234584]}