{"rightShoulder": [70.111343324416111, 244.83455435311294, 2408.4729098902599], "leftAnkle": [0.0, 543.8961537876944, 0.0], "rightEar": [162.7537903544503, 402.46609960177534, 2714.9453305493066], "leftEar": [175.38560539275295, 692.4453314992702, 2710.8052460785502], "leftEye": [347.19830298516536, 595.42646142388139, 2732.3155873814444], "nose": [360.51130456590454, 560.38108356639123, 2656.9698443579764], "leftShoulder": [7.6628997446496214, 873.24188731152708, 2364.0739945586088], "rightWrist": [744.17912132174115, 22.020004331833661, 2179.1609941178258], "leftElbow": [283.01666995987352, 944.22030414032088, 1803.9564802711575], "rightEye": [302.60266825753888, 485.81563487962057, 2743.1012803608337], "rightHip": [164.24004818214962, 323.879842914032, 1279.4117217898829], "leftKnee": [134.18932013010681, 740.24018497689667, 643.15620060189667], "rightKnee": [264.78275094236369, 329.84366640321014, 641.79933350559304], "rightElbow": [445.26905626823918, 0.0, 1904.4935573473977], "leftWrist": [671.87256429353101, 881.98060934460091, 1506.4290168257539], "rightAnkle": [96.496040552042587, 324.9047946558851, 11.333000212791831], "leftHip": [139.88921525413434, 691.95793181541831, 1272.0334577152234]}