{"rightShoulder": [275.61647597732235, 653.75284894060064, 1388.8352668257539], "leftAnkle": [1241.8138964463765, 1266.5853171738206, 726.02302759074064], "rightEar": [67.729845098947862, 772.61333444795741, 1668.2851372507296], "leftEar": [59.332918515929123, 1055.7996868920234, 1645.7764707335236], "leftEye": [239.73114892388139, 938.89282416555193, 1704.6294942774196], "nose": [338.61147631930908, 879.91104161600219, 1668.1042157481152], "leftShoulder": [0.0, 1157.9895874498422, 1334.842827110439], "rightWrist": [918.11869794199902, 299.20778884590845, 820.58883013892228], "leftElbow": [240.98140161417814, 1385.531184452517, 906.20958807681791], "rightEye": [314.3372465497323, 821.68808612749285, 1691.3261357763861], "rightHip": [646.58132922695768, 617.09908594509966, 729.50432518391335], "leftKnee": [1060.4512089235773, 1471.0716395990396, 885.25508942956594], "rightKnee": [1169.0461150291831, 151.73933095969119, 300.50237965862107], "rightElbow": [687.89594859557383, 356.33011564855929, 906.68660038454527], "leftWrist": [905.73285030854822, 1430.5073365682758, 1148.3835890951786], "rightAnkle": [976.42483888618654, 0.0, 0.0], "leftHip": [317.49033222124262, 1070.7939339129377, 780.30771455876084]}