{"rightShoulder": [0.0, 418.25559908499508, 568.24172011794803], "leftAnkle": [986.82492552285976, 820.86269987232504, 331.62569157344387], "rightEar": [286.97643330496112, 514.72387030338041, 827.68390153818132], "leftEar": [133.35647951118699, 782.04284715466929, 803.68904274075908], "leftEye": [260.50483721425098, 699.93371534533071, 863.70539541281664], "nose": [286.97643330496112, 649.74926282830734, 827.68390153818132], "leftShoulder": [239.28308152966929, 833.69213202213018, 585.04623662451399], "rightWrist": [616.63792330374508, 385.97602292071997, 160.54959949537988], "leftElbow": [903.27370348978593, 1031.4835200328309, 635.85597793044803], "rightEye": [166.68207380836566, 616.13831468871604, 845.02369589007822], "rightHip": [135.33456575267519, 524.83011232368676, 0.0], "leftKnee": [980.19308198565159, 691.48896522373548, 655.87072516415424], "rightKnee": [1116.2381596546693, 152.74857125486392, 816.73895382417368], "rightElbow": [85.736381322957186, 234.35737627675098, 252.53408089129425], "leftWrist": [769.9490629559823, 1175.7174390503403, 143.18514789032179], "rightAnkle": [1554.6868521248784, 0.0, 483.55698261186831], "leftHip": [368.56465071741241, 787.26611518117716, 34.75188472762693]}