{"rightShoulder": [133.81515229815182, 778.82711043895904, 2288.6633167786354], "leftAnkle": [262.12371754924607, 1450.0773783286722, 37.675804049124508], "rightEar": [309.13624186831225, 946.56058867339482, 2551.8738087457441], "leftEar": [292.29856973492224, 1266.4457171844601, 2603.9084529654056], "leftEye": [477.72290894029652, 1164.0056028848494, 2635.8541986487717], "nose": [465.48070244102632, 1091.265987886065, 2552.9254525626211], "leftShoulder": [341.21245554170719, 1396.4454587943824, 2341.4404315874267], "rightWrist": [175.42067614603593, 0.0, 2310.1837723431418], "leftElbow": [306.65459706347269, 1877.5163678714739, 2266.0590193336575], "rightEye": [421.66476357307897, 1037.0558198565172, 2529.8944410034651], "rightHip": [211.64469464372564, 915.02539822470806, 1281.8578170598248], "leftKnee": [362.55558236563706, 1347.0749350224951, 763.03306253039864], "rightKnee": [211.02395428015552, 780.5658058730545, 573.80181101045673], "rightElbow": [0.0, 337.33049420902228, 2249.2255365393967], "leftWrist": [187.3076266871351, 2297.894525550219, 2382.7289421586211], "rightAnkle": [200.12999680812254, 652.18410673030155, 0.0], "leftHip": [413.07470323139592, 1270.3358178045964, 1445.0368851836088]}