{"rightShoulder": [491.95766818377905, 84.214681680643025, 1175.5927534266516], "leftAnkle": [1051.1366074099128, 197.58162060993527, 373.50988098871358], "rightEar": [634.78438192194028, 160.63524336555309, 1410.1648293246712], "leftEar": [703.5983851873566, 334.00534324430089, 1390.1795918902046], "leftEye": [763.30329364709678, 261.04107246460046, 1414.4459090518694], "nose": [781.12014115098827, 218.48846075000392, 1386.0565771869105], "leftShoulder": [775.78219360956075, 419.1473631625272, 1189.04581301292], "rightWrist": [0.0, 208.30319712114397, 898.26951848980343], "leftElbow": [916.94232693936533, 417.94705538430389, 906.15694977601288], "rightEye": [732.30732099515876, 182.8180858691893, 1415.7393755970827], "rightHip": [531.87653769809162, 133.35030397533001, 552.77175570797817], "leftKnee": [644.85518448637868, 301.38128654093907, 164.61339026363476], "rightKnee": [689.53646397040643, 159.01600287866904, 250.25593941727629], "rightElbow": [226.85026057887774, 0.0, 940.95017739780951], "leftWrist": [914.82968194186901, 348.38715347980656, 631.66047516894378], "rightAnkle": [916.44209108612267, 199.86431997057798, 0.0], "leftHip": [760.84646497811718, 325.69575139216613, 511.34818352668799]}