{"rightShoulder": [289.20121655081016, 204.6539140692646, 1588.5273180034421], "leftAnkle": [511.70146316889389, 625.99665831273649, 0.0], "rightEar": [403.31273321068102, 480.54661419869956, 1818.2590791113596], "leftEar": [393.04800589662432, 677.8642345863642, 1897.7975077884894], "leftEye": [502.96087966050436, 609.97302521670485, 1858.7361238945139], "nose": [528.38680637816196, 586.10420373341447, 1810.7940835456996], "leftShoulder": [400.77040397210362, 706.58909741573314, 1610.8486896059437], "rightWrist": [334.83101558271028, 135.2344624451905, 940.42279343745008], "leftElbow": [461.16323940165705, 955.1741720711658, 1467.1827735074678], "rightEye": [509.30302377099179, 533.96816709520976, 1835.832628365996], "rightHip": [283.37052290420706, 315.75503516408151, 969.13142853313207], "leftKnee": [592.51968320793469, 659.65544648708908, 378.77913727003579], "rightKnee": [404.49697773754099, 194.47515492274545, 576.64519952256433], "rightElbow": [234.3071371811854, 4.5704135094468938, 1259.9282416324315], "leftWrist": [597.48950451359929, 1206.0833379758624, 1487.5189145647912], "rightAnkle": [0.0, 0.0, 94.38093787179514], "leftHip": [409.21249840997751, 626.49786558362678, 907.37046018308615]}