{"rightShoulder": [0.0, 107.8738668726603, 1257.0200287135838], "leftAnkle": [0.0, 467.86154451855691, 0.0], "rightEar": [64.994380803481789, 187.9603614927646, 1555.7866213969655], "leftEar": [64.994380803481789, 400.17210519256219, 1569.8580194830149], "leftEye": [204.60144710995891, 342.35679289823997, 1600.0000000000002], "nose": [248.379352866678, 307.3147485154966, 1565.0610666565451], "leftShoulder": [0.0, 488.99780352178936, 1273.8506247336186], "rightWrist": [0.0, 0.0, 681.12057551334692], "leftElbow": [0.0, 574.0580939209965, 940.5661995119649], "rightEye": [204.60144710995891, 263.93551649512369, 1590.566359317364], "rightHip": [0.0, 185.28127933225483, 637.72423073702089], "leftKnee": [0.0, 463.99780508850904, 280.57045221564772], "rightKnee": [0.0, 191.23584993692293, 303.098058493915], "rightElbow": [0.0, 25.69259712246253, 928.4305148263586], "leftWrist": [0.0, 544.01785408588898, 692.56138872187103], "rightAnkle": [0.0, 163.34031971900663, 2.5075535207606663], "scaleBenchmark": 78.986645511903149, "leftHip": [0.0, 422.13585953151346, 656.97942351946517]}