{"rightShoulder": [0.0, 76.218200511415944, 1305.8835784072035], "leftAnkle": [0.0, 365.10946589664491, 0.0], "rightEar": [12.632417527320925, 179.43423893584327, 1560.6349245149145], "leftEar": [12.632417527320925, 407.96506513343775, 1575.977510813907], "leftEye": [113.71242400497097, 325.61883733218974, 1600.0], "nose": [133.25026089763222, 290.2555347751013, 1558.4538564193131], "leftShoulder": [0.0, 472.33505487345474, 1322.6428775062122], "rightWrist": [0.0, 15.701838473000407, 810.42920172037338], "leftElbow": [0.0, 527.11856701344686, 972.56985579821412], "rightEye": [113.71242400497097, 238.01093552506791, 1597.9599661599264], "rightHip": [0.0, 174.85603293194322, 690.77630228218641], "leftKnee": [0.0, 372.83538759837438, 303.54497638148405], "rightKnee": [0.0, 190.67683202173885, 286.49775703497698], "rightElbow": [0.0, 0.0, 997.9380962208802], "leftWrist": [0.0, 518.86539645097764, 697.39883833772501], "rightAnkle": [0.0, 193.5162575034401, 11.088966486124264], "scaleBenchmark": 87.63165065839479, "leftHip": [0.0, 413.59606518871442, 685.65047744891717]}