{"rightShoulder": [25.897932965589519, 156.350438432376, 1086.7253639307414], "leftAnkle": [494.68966976900464, 429.76090999082066, 96.705256658935468], "rightEar": [142.04225649146525, 245.27776375838812, 1319.8538638602854], "leftEar": [127.75302056916277, 445.84070985054257, 1314.5344200733803], "leftEye": [245.17890724910006, 388.83454179074351, 1337.5118259045121], "nose": [276.73049827238674, 350.08489148692206, 1296.3983809830063], "leftShoulder": [0.0, 521.19832336877585, 1094.8740840082173], "rightWrist": [559.43067962296846, 12.038219336187467, 590.00040319818663], "leftElbow": [138.27088524198891, 602.20103688643371, 880.76058567531072], "rightEye": [251.46090437897215, 305.05967103637118, 1343.0840913050388], "rightHip": [132.00882077138874, 222.25048404011841, 632.24049138117289], "leftKnee": [598.34362935245872, 575.50765585175282, 509.80220521755109], "rightKnee": [584.86848303942793, 0.0, 480.86560373411612], "rightElbow": [113.22004935400017, 58.935341269228047, 811.35774164709392], "leftWrist": [546.47300125922027, 651.63900556855401, 587.2970532003028], "rightAnkle": [641.90143397801751, 26.330771214181823, 0.0], "leftHip": [175.96221590962722, 444.84099812765271, 648.61198252422855]}