{"rightShoulder": [82.827122860963641, 355.14865463717729, 1481.4715085296082], "leftAnkle": [56.35061687177614, 769.06981060821818, 0.0], "rightEar": [11.657445046346226, 430.13102477287975, 1797.1253214013288], "leftEar": [45.342113475729278, 640.09800480412753, 1800.4477930061389], "leftEye": [171.67034634017787, 562.74677504360307, 1842.8653262177436], "nose": [211.14456259646002, 519.1317500399864, 1812.7871810782758], "leftShoulder": [16.270173935217457, 692.76579539965564, 1480.2291124096105], "rightWrist": [306.60165663257555, 0.0, 975.9829803044986], "leftElbow": [38.408122844710817, 815.0984179005327, 1069.5122888820756], "rightEye": [159.47142084019458, 484.89811355748304, 1837.4190163947167], "rightHip": [35.218542535073539, 414.94340736204731, 846.42103235935383], "leftKnee": [115.61045852230612, 700.97526041666083, 453.79799346525851], "rightKnee": [61.555065720940519, 412.92639423918263, 451.35940724808597], "rightElbow": [88.802841863240729, 239.90141054744163, 1102.767237915607], "leftWrist": [336.04152188295177, 1072.7021291412088, 968.38647619785388], "rightAnkle": [85.1792758708863, 408.49419035373899, 10.585923304755852], "leftHip": [84.965207461352108, 636.28123955032925, 845.27231553879255]}