{"rightShoulder": [76.795912937490584, 208.121433696233, 1272.5334643639283], "leftAnkle": [63.739626513370951, 463.87833017355649, 0.0], "rightEar": [159.76271331992058, 278.20453659123586, 1526.2753516870412], "leftEar": [186.94746994861538, 461.91654704760197, 1519.4280188970833], "leftEye": [267.95332016327967, 414.02778168133716, 1547.4987098552469], "nose": [264.68262653964979, 383.20716255909974, 1516.5997093674559], "leftShoulder": [153.91984480967929, 549.91791331398849, 1278.7794846374857], "rightWrist": [156.87834570419562, 0.0, 806.04447663544352], "leftElbow": [117.90939639711749, 683.14940900004444, 1027.3638829436891], "rightEye": [234.47839647702781, 339.69742498230835, 1550.0000000000027], "rightHip": [117.5375638616953, 225.14801532664603, 696.65207771747214], "leftKnee": [91.793658307761206, 491.90004319022637, 347.73188978275834], "rightKnee": [62.689766012371877, 246.32614386520709, 341.0269095472438], "rightElbow": [74.295705638380127, 91.781080639112361, 1006.3239421686283], "leftWrist": [217.34694541066142, 791.47645439470739, 815.05175330444058], "rightAnkle": [0.0, 293.96668769124847, 14.339375217946326], "leftHip": [151.03930880162221, 464.44374219202552, 713.53747293490574]}