{"rightShoulder": [382.31789199294758, 256.14182005410976, 2241.2340130638977], "leftAnkle": [22.561865424367625, 498.80055135882776, 0.0], "rightEar": [526.33611989299629, 355.23644782040355, 2544.9178300553253], "leftEar": [424.69784510274803, 663.67163370926528, 2552.3826937545596], "leftEye": [633.43621564931914, 541.24525968202806, 2574.4764304550699], "nose": [681.24375683973744, 482.84491465527708, 2511.2904237977259], "leftShoulder": [265.42000927164395, 713.64614048820522, 2219.0608584630345], "rightWrist": [453.66185858463041, 23.499798607733283, 1469.8756564247931], "leftElbow": [269.17868433852141, 768.56119475012156, 1700.824047756566], "rightEye": [668.20042900352632, 422.45020481213533, 2560.7933306861014], "rightHip": [76.173676130836611, 363.86576825449902, 1531.8204217458047], "leftKnee": [122.6017277936528, 476.06584577152216, 684.39797011794735], "rightKnee": [109.93567986989319, 70.514238053258623, 1090.9920649547057], "rightElbow": [348.00576817850197, 108.6806735621351, 1794.721321551252], "leftWrist": [494.85215907709153, 771.80494019029675, 1169.6364337609434], "rightAnkle": [0.0, 0.0, 729.27806097245866], "leftHip": [185.00516590162943, 567.12412413363336, 1236.5760882782097]}