{"rightShoulder": [0.0, 241.16991626490091, 1279.7953982188544], "leftAnkle": [0.0, 529.25861718320812, 0.0], "rightEar": [35.744244671798697, 330.27240021660185, 1549.711967622673], "leftEar": [35.744244671798697, 528.41929354215995, 1558.3531640098909], "leftEye": [155.1736197396144, 475.4551151381491, 1600.0], "nose": [184.77097471719472, 421.85533124825105, 1554.2971694331454], "leftShoulder": [0.0, 603.88458399665956, 1271.4978476085234], "rightWrist": [0.0, 0.0, 697.19942195881299], "leftElbow": [0.0, 728.17710966507752, 960.99452104606257], "rightEye": [155.1736197396144, 384.61116172816145, 1597.4762491945567], "rightHip": [0.0, 295.95170121549069, 671.12809779515442], "leftKnee": [0.0, 559.41689309424919, 288.49238484430862], "rightKnee": [0.0, 288.88602206390641, 275.336283330284], "rightElbow": [0.0, 112.81380046760694, 938.34361623442578], "leftWrist": [0.0, 819.97168727682038, 721.77124493047472], "rightAnkle": [0.0, 290.25170838927789, 5.365062264519338], "scaleBenchmark": 90.879003016560333, "leftHip": [0.0, 530.55476335401045, 683.72122061657524]}