{"rightShoulder": [186.56201858144465, 1265.3649203373941, 2676.1452936072037], "leftAnkle": [143.64715401795149, 2000.1848685771581, 0.0], "rightEar": [659.08646732710952, 998.99201149054727, 2956.1306587042891], "leftEar": [599.91767870125841, 1117.995535083284, 3035.2544953730467], "leftEye": [681.16001174238488, 1147.6592256060089, 2980.8195153019624], "nose": [690.35985462027634, 1124.593203365818, 2944.7406321645981], "leftShoulder": [527.8977310861527, 1616.2037289089756, 2879.1395838706171], "rightWrist": [257.98575382892579, 937.76480917299136, 1387.3797258000509], "leftElbow": [642.6105649718429, 1831.8449458940761, 2431.6076809172723], "rightEye": [718.34528743272244, 1093.457996048259, 2955.927061863415], "rightHip": [0.0, 1628.3406590643572, 1831.0628212650104], "leftKnee": [251.46010803891028, 1991.1960138290181, 910.0846626133025], "rightKnee": [139.77621814805673, 1463.6139253168544, 870.40116802518696], "rightElbow": [65.680654798532032, 1155.9347852274809, 2144.0582006329528], "leftWrist": [631.41958833295212, 1416.6871434339735, 2328.255613767592], "rightAnkle": [58.071275003379583, 1255.6697666196808, 49.53173773765775], "leftHip": [289.41139570588388, 1928.225041973855, 1733.1875285390024]}