{"rightShoulder": [36.411874571620316, 21.752230566519984, 1248.9636362511292], "leftAnkle": [5.6000367289353647, 260.38231483958702, 0.0], "rightEar": [42.246245108969731, 88.624368368516542, 1373.902467691923], "leftEar": [43.959509588331173, 260.10636016758474, 1367.6758053792303], "leftEye": [121.77442059258289, 205.34914266133222, 1385.8995343677598], "nose": [126.71249506801558, 187.13929912467211, 1333.3454960862514], "leftShoulder": [34.046599567129306, 280.60818010915659, 1221.7734421840275], "rightWrist": [256.93419184380235, 290.65220149675588, 1079.9803796567915], "leftElbow": [159.06523358547261, 389.20251500458039, 1026.8674312809326], "rightEye": [119.26574237987489, 138.75160603362212, 1380.7407032953836], "rightHip": [43.053412543538016, 90.916830140627098, 755.72833435061602], "leftKnee": [32.321333063821626, 284.16068669903893, 394.47162712134832], "rightKnee": [53.182462125752025, 95.639246363056145, 417.92660565247797], "rightElbow": [187.37103672859573, 0.0, 1011.6787145856918], "leftWrist": [158.08579012137636, 348.17524375397443, 1049.4698684807615], "rightAnkle": [0.0, 87.2525592984789, 1.447964632119465], "leftHip": [7.6250483292905784, 299.33501864213486, 781.70282857939105]}