{"rightShoulder": [1.3012745137916966, 197.91647827231805, 1597.5152821521278], "leftAnkle": [54.180375737165804, 348.56454279765899, 0.0], "rightEar": [29.462677349253596, 276.71651541990025, 1791.0542691079529], "leftEar": [7.6510802358127989, 486.69847774377149, 1765.2927059142744], "leftEye": [147.59837697577487, 451.44801971014499, 1819.2690121187004], "nose": [198.31171998945604, 416.09934080398216, 1795.9493485252769], "leftShoulder": [184.69393850631204, 594.49862888293524, 1564.637075564448], "rightWrist": [226.33989679968658, 151.60786480404909, 1436.113011079387], "leftElbow": [213.12496563963202, 804.8585256718693, 1283.1108438727852], "rightEye": [156.15676272038357, 373.11101967221566, 1824.6503342357078], "rightHip": [63.827377946565747, 178.54963413254632, 1018.2180392709524], "leftKnee": [136.55844802515173, 349.34427273552478, 406.19141413449961], "rightKnee": [190.76002641090096, 40.517348410632849, 585.6698054334729], "rightElbow": [114.57302606126026, 0.0, 1296.8822177480613], "leftWrist": [275.73131450316998, 620.14734099206817, 1402.4835814641383], "rightAnkle": [117.26444360635165, 78.943040321277067, 118.48476255282458], "leftHip": [182.75232371567867, 444.50865804832165, 879.02833241176268]}