{"rightShoulder": [134.56477030707697, 341.13018006964467, 1069.5441773281764], "leftAnkle": [41.902364986794211, 594.16154125071898, 0.0], "rightEar": [39.936784787510533, 397.99137790471525, 1183.1472915657966], "leftEar": [104.77542478255003, 537.66215297096755, 1107.4121909446567], "leftEye": [154.20069439941079, 480.50782869217016, 1168.0433997517443], "nose": [159.00818886922173, 438.52843180470313, 1131.5395896117598], "leftShoulder": [30.554552442567115, 566.72094791120981, 1045.5481010635476], "rightWrist": [63.611094264499172, 0.0, 1375.2503267416573], "leftElbow": [0.0, 735.20957912641416, 952.95060350345375], "rightEye": [128.31264001604825, 423.06987694424799, 1190.3778849379951], "rightHip": [131.6103502589383, 363.73663455447445, 651.58604481224393], "leftKnee": [95.066660739516237, 565.98214122592435, 335.97162652063685], "rightKnee": [83.917294674336787, 363.52999703876776, 323.73086687400223], "rightElbow": [143.25750796105393, 167.46630296557532, 1076.1277230425546], "leftWrist": [32.187299083188364, 857.09828583109675, 1235.653188287431], "rightAnkle": [11.002051511939982, 329.5567416974568, 2.4810153612540944], "leftHip": [75.7101241556161, 525.9370317481671, 651.60813578989882]}