{"rightShoulder": [288.3412054553603, 145.7047068522138, 800.93840531019805], "leftAnkle": [120.89921332639113, 519.36064001362774, 0.0], "rightEar": [411.90851233150175, 206.5209268954452, 909.83312194393773], "leftEar": [372.266107675971, 356.01487957145946, 907.98824510505278], "leftEye": [464.98016026320778, 342.74312868869515, 867.10568953315203], "nose": [473.36530710914775, 303.64753606373097, 849.22865820585002], "leftShoulder": [268.22957221300874, 406.41356664983823, 790.57114163934966], "rightWrist": [184.92287159678949, 84.057555311317628, 498.5999959868841], "leftElbow": [212.7919415664249, 403.52209246389839, 578.51202979095024], "rightEye": [491.32845343436105, 278.84865165533643, 879.88909688522881], "rightHip": [0.0, 154.04921094422707, 555.61511905420639], "leftKnee": [71.822111586377673, 432.35201090177588, 289.17420493761438], "rightKnee": [60.118041953353384, 74.288185152418919, 287.54983641551007], "rightElbow": [223.10808796483096, 97.41836029834235, 603.8673130199395], "leftWrist": [165.92962400620024, 430.59371066148242, 475.34487370886654], "rightAnkle": [92.708204989158332, 0.0, 26.878533303861332], "leftHip": [6.4465800355069973, 344.18286345181514, 553.52695615298899]}