{"rightShoulder": [81.066225756930862, 251.9291403210118, 1967.2463863387648], "leftAnkle": [0.0, 665.08200465102163, 7.7873829644945545], "rightEar": [116.47978667619168, 379.62582266840968, 2190.7189019941634], "leftEar": [131.3077729815177, 662.2196087670236, 2189.5893364694798], "leftEye": [303.36752188715968, 571.77943746960136, 2224.7574021157589], "nose": [322.3034544473494, 503.49308996534546, 2168.5819552529183], "leftShoulder": [25.422944658925189, 739.70801921206248, 1970.7617206499272], "rightWrist": [369.88740462366241, 163.79873122872095, 1827.1941459447958], "leftElbow": [271.01169975072958, 1056.1228188837549, 1702.7359424398105], "rightEye": [283.16856342716437, 452.55587305447489, 2242.5685569674124], "rightHip": [42.886743449051664, 370.73712229450393, 1193.2346219905157], "leftKnee": [70.042039685676173, 676.69150124635235, 569.97850042558412], "rightKnee": [109.78079401750983, 397.58336499878419, 563.4345133146885], "rightElbow": [336.30470459934349, 0.0, 1678.5210834903942], "leftWrist": [292.9960348522618, 904.75074477140106, 1722.0094160384242], "rightAnkle": [46.563068078185779, 347.09392859314221, 0.0], "leftHip": [0.029445069309531391, 641.79358812621604, 1168.791623601654]}