{"rightShoulder": [216.20229214337454, 698.24001128013458, 1256.7883223395816], "leftAnkle": [505.59551049728424, 822.94305703262489, 0.0], "rightEar": [422.94057497665835, 480.32668612113127, 1451.3303293653221], "leftEar": [320.95603732880727, 619.94863040548637, 1575.7121460979927], "leftEye": [434.88597014594507, 639.06017638115804, 1505.9226980479878], "nose": [455.82138305127523, 640.82526607534021, 1450.4859722597971], "leftShoulder": [495.1217062492999, 792.49638089873906, 1263.0728494752766], "rightWrist": [369.94557226768558, 380.87027849463129, 1247.9103025930292], "leftElbow": [761.67360318351541, 783.89550089254294, 1201.3591056706225], "rightEye": [478.03023503937868, 586.02683687089302, 1465.0868233223769], "rightHip": [257.29957346508183, 710.70321467477822, 722.69411180705993], "leftKnee": [472.04636644275536, 766.66012927290694, 386.83113824437442], "rightKnee": [110.182442849712, 727.95296351369757, 377.31477110841115], "rightElbow": [188.46756756851391, 559.28282689847777, 1039.9544150752608], "leftWrist": [919.73908342659661, 408.0796517054053, 1313.5727891627857], "rightAnkle": [0.0, 797.38210972739603, 111.99743773064529], "leftHip": [435.40874311337296, 803.9981563254895, 695.49123008380593]}