{"rightShoulder": [81.649022677529047, 293.03721007113336, 2173.8224594175581], "leftAnkle": [332.07598568214962, 910.26259841622095, 0.0], "rightEar": [42.80259758025295, 455.48781196802042, 2528.148982779061], "leftEar": [0.0, 752.1389853629621, 2541.4348733508632], "leftEye": [255.7239633998056, 638.37951612658071, 2574.8346189506319], "nose": [252.84409198686762, 571.35798995318601, 2505.0943313776747], "leftShoulder": [298.86338384606051, 773.88620386977163, 2271.1677388588273], "rightWrist": [364.46316801434818, 279.9124893604087, 1451.0646260183603], "leftElbow": [333.2499582016053, 1103.2285859223007, 1745.3635453398588], "rightEye": [270.48336423881301, 542.66317143421702, 2559.7607782861132], "rightHip": [204.97502735894932, 374.63320768482504, 1313.6073819765315], "leftKnee": [317.40300492461074, 856.7156626185556, 705.86988919625446], "rightKnee": [99.652647738326777, 353.11197410019463, 618.49715200936225], "rightElbow": [210.03479146400787, 0.0, 1753.5918861715709], "leftWrist": [240.92817515807383, 923.18252029122095, 2322.2545750243185], "rightAnkle": [91.354404790855824, 399.01145086028691, 10.130181101045309], "leftHip": [269.7345497932879, 740.08733394637648, 1374.8115918348735]}