{"rightShoulder": [217.40763575607318, 48.907754757170324, 1128.2284701924173], "leftAnkle": [191.87064556013129, 52.060114503184195, 43.883002440312566], "rightEar": [153.63206050430276, 20.414684967529183, 1181.5363050386964], "leftEar": [178.26820942582074, 183.7160208255591, 1228.1572658118071], "leftEye": [245.10676034195453, 114.02272654363588, 1235.972020154629], "nose": [254.8757657928563, 111.156634212369, 1181.0697254111694], "leftShoulder": [70.810319647619281, 290.26381984205545, 1101.9948335304939], "rightWrist": [278.79129409550262, 0.0, 1533.2740379411562], "leftElbow": [0.0, 440.85919691626532, 1088.3717394509877], "rightEye": [234.77644113987955, 53.085944535848796, 1210.5135835764318], "rightHip": [211.32956777763138, 130.09769289852375, 683.12448910160242], "leftKnee": [204.02498816967682, 287.22009555979639, 431.39597891233575], "rightKnee": [191.34947123370017, 44.01101985029868, 224.76849888048719], "rightElbow": [163.2900690317253, 43.625864021978259, 1358.652220928924], "leftWrist": [4.2008471647642409, 420.85109656389977, 1248.8937078913509], "rightAnkle": [124.01659002458658, 28.301159218139446, 0.0], "leftHip": [102.80956800175701, 260.97114647060107, 712.14050415869519]}