{"rightShoulder": [131.6775588697551, 108.41312913499746, 1447.1614243443919], "leftAnkle": [292.92760108150111, 326.85818550380611, 0.0], "rightEar": [609.7106974314039, 165.67457388894991, 1639.6738343915044], "leftEar": [495.4840427182466, 309.700675918765, 1747.2597203889145], "leftEye": [480.25883883373388, 271.15638044867364, 1618.8137072401548], "nose": [466.45634978373334, 223.99438652059234, 1585.649340127055], "leftShoulder": [331.10677491288504, 386.775879435604, 1392.5631458909161], "rightWrist": [139.64944435413003, 70.68086769883007, 951.91795567155805], "leftElbow": [374.34111629493992, 431.06131121876194, 1072.0294754806664], "rightEye": [526.44740856111935, 223.15591544693848, 1575.1776814865727], "rightHip": [8.266670351012408, 198.88790398282822, 835.12522425407838], "leftKnee": [305.07513535860312, 336.8722067526171, 396.68161650279217], "rightKnee": [32.165401357249323, 179.59823410570721, 412.11001480136974], "rightElbow": [16.34615331917729, 0.0, 1135.1439566867487], "leftWrist": [504.29489899649076, 273.19101880916332, 919.22885676873193], "rightAnkle": [0.0, 236.11481993333166, 66.552603383488531], "leftHip": [207.36231404505298, 333.8598801933357, 806.31472514806001]}