{"rightShoulder": [101.46495584569561, 123.04998708049607, 1939.2484344601164], "leftAnkle": [40.916796495014978, 877.34911539396876, 178.50821908438729], "rightEar": [265.17618973431422, 189.94128465466929, 2313.872365751155], "leftEar": [351.94913325328321, 505.64162246169758, 2254.0689512022736], "leftEye": [448.5329105362357, 389.4903996686528, 2265.1549599495374], "nose": [458.36852124878419, 365.17583444795719, 2251.9780520428012], "leftShoulder": [246.64398977079304, 686.72820023711097, 1971.6939084539149], "rightWrist": [157.86854214798154, 0.0, 996.17600924124508], "leftElbow": [264.77509043652753, 916.72650930204259, 1556.9105533347515], "rightEye": [413.36328884970794, 286.98900132234917, 2312.1565919868672], "rightHip": [250.80137022738336, 303.22221166707209, 1036.5104875972761], "leftKnee": [258.28173448139614, 780.79586043895893, 588.53535764226626], "rightKnee": [195.7321482855059, 305.44028719297171, 511.74094114785976], "rightElbow": [0.0, 50.233407937135325, 1414.081020488813], "leftWrist": [390.63899676252458, 844.72852702456225, 1286.1571562651991], "rightAnkle": [115.58661957380832, 270.06981661904183, 0.0], "leftHip": [195.14564080739319, 673.26701574659523, 1199.0545716044501]}