{"rightShoulder": [29.222346915221976, 86.290631034675926, 562.50170396231192], "leftAnkle": [499.04472475568423, 331.464072467287, 12.664089245137802], "rightEar": [100.43736221244038, 108.82104948839503, 721.27708657535641], "leftEar": [118.47747189434018, 295.23105047078099, 710.4219371473846], "leftEye": [196.07060582630737, 240.5596312985287, 732.04730524824208], "nose": [224.99420043818574, 206.0518577056398, 701.93487892888743], "leftShoulder": [298.96338520606815, 326.36112251999089, 508.65350135143831], "rightWrist": [391.12553011477758, 0.0, 358.36512042908362], "leftElbow": [422.03631106653921, 427.11555240719781, 376.78706520286528], "rightEye": [187.98265465566374, 156.84634344904003, 729.23136996150834], "rightHip": [0.0, 97.150840816982054, 0.0], "leftKnee": [495.21846540502679, 316.06634513518861, 230.95268558280009], "rightKnee": [404.1037881825481, 63.998226442585747, 212.35930018112003], "rightElbow": [137.98432890967706, 9.3696651710195056, 308.90789473400991], "leftWrist": [485.30779127550284, 379.21368279080207, 377.33522248497934], "rightAnkle": [464.35057439492152, 182.34527642615672, 11.719676557609546], "leftHip": [174.30710566611492, 333.54351980526098, 6.5694285357644731]}