{"rightShoulder": [7.4487707778897629, 133.48936956451075, 1493.2379074325113], "leftAnkle": [530.04461998676777, 394.79315722685794, 94.977053043995056], "rightEar": [170.61532071411119, 253.89613211644439, 1748.9686792819866], "leftEar": [176.4685099994503, 463.38423943365109, 1787.0008057877951], "leftEye": [280.60164126516617, 380.10566408727152, 1766.1006215422769], "nose": [304.62140310324611, 345.00113794413562, 1724.8046059140347], "leftShoulder": [230.32131317740163, 525.68152772698261, 1509.8663639166953], "rightWrist": [402.21872006719548, 99.556677628540797, 1347.5699034752233], "leftElbow": [310.75013082258351, 619.32604433765903, 1253.6295573398597], "rightEye": [280.59625043623299, 300.77976126427779, 1759.1054468005311], "rightHip": [94.250121633745039, 214.42289877792973, 841.31494454099811], "leftKnee": [454.98355400329552, 367.08849855353981, 436.06620174759018], "rightKnee": [37.97380459898045, 227.9873275419036, 421.50224616059677], "rightElbow": [45.379213177759766, 0.0, 1181.8993533599773], "leftWrist": [506.42846702788222, 390.17404477176171, 1341.1532114974693], "rightAnkle": [0.0, 303.17359424111771, 0.0], "leftHip": [302.17675224973721, 399.24395106118152, 876.44039625977166]}