{"rightShoulder": [0.0, 558.71428944628519, 2450.7349459280763], "leftAnkle": [1375.5829726638497, 544.61888460983096, 0.0], "rightEar": [159.11318625364788, 658.21809595011541, 2940.6952208285202], "leftEar": [192.16320705784892, 959.11745966454896, 2958.0187978781614], "leftEye": [384.0045166015625, 827.05492071604453, 2945.4024743699842], "nose": [491.13695101608073, 744.79521208885603, 2904.5072826578462], "leftShoulder": [126.78877323610777, 1108.3579324803929, 2589.6676975354148], "rightWrist": [629.42961387782725, 683.8754555075086, 1967.2539394987234], "leftElbow": [317.85670512752313, 1078.6596266453369, 2041.4441098461821], "rightEye": [421.70825575297886, 709.69094979252827, 2992.2215412303167], "rightHip": [378.51990458566388, 605.64104440889491, 1387.3327123738445], "leftKnee": [1435.573275911205, 907.42140524303863, 866.61399752249508], "rightKnee": [1186.7804031075207, 0.0, 987.04896681967421], "rightElbow": [454.52299624194438, 367.34312872385703, 1881.3845860818947], "leftWrist": [586.99459898239911, 775.72318015488213, 1927.3947910650231], "rightAnkle": [599.7642527776934, 278.36708680386687, 434.07763101896853], "leftHip": [555.51288483022245, 942.61489286311394, 1592.3270700655094]}