{"rightShoulder": [45.787561557636309, 118.16318283377905, 1852.9636087974222], "leftAnkle": [58.693359375, 408.92318784958661, 118.04582149045473], "rightEar": [90.54909411478593, 226.51122286904183, 2110.2557016810556], "leftEar": [221.60981578307405, 424.71328580982481, 2179.6490521263986], "leftEye": [277.7158393117702, 363.45210093932383, 2245.4649463460605], "nose": [326.57263041099213, 332.55369003830242, 2125.5944881216565], "leftShoulder": [251.09390579401725, 497.72520785201846, 1975.8500321087672], "rightWrist": [203.37805128283071, 184.44630806177042, 2658.8432569689326], "leftElbow": [296.286581195282, 530.21867970269932, 2311.3247089311772], "rightEye": [227.73726288910484, 305.7099609375, 2118.7878294473494], "rightHip": [15.480445950875492, 226.29744687803986, 1102.987160293045], "leftKnee": [122.72680949051573, 372.36533887098722, 661.72053878131101], "rightKnee": [142.23692090223722, 322.04323663971309, 509.40783833900787], "rightElbow": [0.0, 0.0, 1502.7583178805935], "leftWrist": [370.49964661356989, 479.23777396947958, 2628.34211511278], "rightAnkle": [74.142684520914372, 374.58137957502436, 0.0], "leftHip": [186.17470969114765, 443.13919625486369, 1213.5967851334512]}