{"rightShoulder": [223.19077535032719, 136.13774454616441, 1206.7693002380347], "leftAnkle": [235.88186671286959, 541.06217499013701, 0.0], "rightEar": [328.44201342958343, 196.77294682275186, 1374.1799263418125], "leftEar": [343.15264348482924, 374.59048329377504, 1432.1151434333692], "leftEye": [419.49803862086821, 331.20740990658084, 1390.0841472734719], "nose": [428.11744486636508, 315.77395563415666, 1338.8822595383015], "leftShoulder": [242.28967407788869, 484.37158300946385, 1228.3145572207741], "rightWrist": [779.9618954858505, 89.495769851566365, 882.31309135297647], "leftElbow": [515.90257354319408, 608.60541388407296, 1024.3018507680786], "rightEye": [408.97884543910925, 254.10884864675012, 1358.0463971227809], "rightHip": [7.187746640456453, 135.39625935333288, 662.15034880735948], "leftKnee": [423.14680228861096, 517.59771998464612, 444.61944891537087], "rightKnee": [423.72757203619909, 52.712969536089076, 425.65332987304191], "rightElbow": [346.16387781668493, 0.0, 942.64641595883586], "leftWrist": [786.57735489694051, 591.83717186314334, 963.85599142047636], "rightAnkle": [231.35378538580915, 73.525223844218772, 55.069752398843775], "leftHip": [0.0, 408.28859717075352, 670.79346937419746]}