{"rightShoulder": [1102.3018713150348, 176.53359776661614, 421.9337670586383], "leftAnkle": [485.32848536252425, 388.4246521092673, 155.23801667989346], "rightEar": [935.04255798729514, 344.41045469815731, 655.99394363951546], "leftEar": [1088.8210266328852, 359.42553552412005, 663.07177049025097], "leftEye": [1058.8184862945795, 339.92722616036463, 567.34778303707253], "nose": [1018.1805485324829, 352.08302045532673, 556.43178656835698], "leftShoulder": [1177.3205696914185, 487.70955571443028, 453.70794018047945], "rightWrist": [1193.6581012822726, 0.0, 0.0], "leftElbow": [1082.9704348286598, 608.85208285446879, 262.41870047131215], "rightEye": [992.03381592956123, 318.3144397961637, 563.76343906085731], "rightHip": [1082.4825903947735, 194.16478825804347, 72.232668079538144], "leftKnee": [674.29310428866972, 416.9257014924242, 323.38153129476177], "rightKnee": [571.92935858744318, 203.85919439743543, 286.18940114732322], "rightElbow": [981.84019356502245, 83.721494616601831, 221.77561166840405], "leftWrist": [1318.0489694234366, 670.78083964907637, 29.743490626107814], "rightAnkle": [310.59674281484706, 181.1108191953299, 90.80590299502137], "leftHip": [1047.308901572698, 379.21275836022596, 87.938014565026606]}