{"rightShoulder": [0.0, 424.10016834803235, 1278.1577955820376], "leftAnkle": [244.68247743669804, 556.1444510155186, 177.24858203675922], "rightEar": [104.49788525832989, 515.59357354057681, 1484.7583626699934], "leftEar": [130.26582599417341, 741.12029097396589, 1515.3434314266844], "leftEye": [222.32062573460897, 646.82808483781821, 1529.8362791813292], "nose": [236.50757708136317, 612.58812844364957, 1485.2859920641208], "leftShoulder": [154.07156530028027, 802.98822954526213, 1284.7418221772602], "rightWrist": [413.41652062158107, 0.0, 655.8536484934732], "leftElbow": [235.10814706248379, 858.8819942036946, 914.87167209993822], "rightEye": [212.56341523322726, 560.0999188436092, 1521.9414540643561], "rightHip": [110.17001724329856, 480.50021405585034, 724.95925115641967], "leftKnee": [370.31856168713489, 680.54920219059773, 649.73755296188733], "rightKnee": [267.6587117128596, 483.85135981651746, 334.28909453714095], "rightElbow": [169.40520620892491, 210.29310368920397, 931.42715427110033], "leftWrist": [386.27139028983464, 811.96824996068744, 709.18431749759247], "rightAnkle": [219.75506324689275, 468.83508226299119, 0.0], "leftHip": [241.52821024558338, 723.48495829110857, 723.16820731101257]}