{"rightShoulder": [252.0167573565177, 90.887712411843495, 1638.4353321832443], "leftAnkle": [268.64125197592421, 382.31238600437746, 0.0], "rightEar": [376.80400352626475, 257.25606456712057, 1978.9908993494651], "leftEar": [355.70936436040847, 530.37835337123056, 1916.4927821771646], "leftEye": [540.91047163788926, 481.87262889105068, 1979.0448819765322], "nose": [528.61176890807383, 405.29474138193086, 1908.186160551435], "leftShoulder": [139.70488433244168, 631.74073025595817, 1631.273477398468], "rightWrist": [451.4953717777239, 38.936316345452497, 800.93604845573918], "leftElbow": [210.67564065539887, 690.72351311709645, 1217.4424189111139], "rightEye": [498.17035505836566, 348.30237338886195, 1939.3385650991004], "rightHip": [154.66034624270424, 170.41321893239297, 949.99967701240257], "leftKnee": [305.19527070160484, 440.26159905459645, 512.2905824416348], "rightKnee": [340.9209972337062, 211.33240933548154, 526.75122355301573], "rightElbow": [264.49739709995129, 0.0, 1242.395678805934], "leftWrist": [383.74442181420227, 681.73606403514123, 770.13147875121649], "rightAnkle": [298.16962928623525, 200.66647160749039, 56.959930538667322], "leftHip": [0.0, 459.91785855423154, 932.16338612597247]}