{"rightShoulder": [0.0, 157.03131513310586, 1306.6249353879589], "leftAnkle": [0.0, 458.11744811820859, 0.0], "rightEar": [37.705126708736799, 236.72957130952886, 1564.5971970473058], "leftEar": [37.705126708736799, 449.38381158783136, 1576.603181820215], "leftEye": [141.33735029425657, 365.3289042651877, 1596.8758883520197], "nose": [175.27242795274475, 325.6044250555226, 1568.8577892535177], "leftShoulder": [0.0, 523.02287154414535, 1296.8178137684749], "rightWrist": [0.0, 0.0, 778.65360503670945], "leftElbow": [0.0, 616.23176476377512, 1002.0707574544299], "rightEye": [141.33735029425657, 285.75647635311134, 1599.9999999999998], "rightHip": [0.0, 206.97000740572946, 742.20830637352287], "leftKnee": [0.0, 425.10261673174296, 339.0281942342674], "rightKnee": [0.0, 209.51772474518145, 328.1085457888405], "rightElbow": [0.0, 52.885855382086447, 1003.9752621794967], "leftWrist": [0.0, 619.55665667713333, 754.42300176460503], "rightAnkle": [0.0, 205.76711522639937, 24.390349045328094], "scaleBenchmark": 79.633732534721972, "leftHip": [0.0, 430.85769408928445, 728.46772976773832]}