{"rightShoulder": [0.0, 202.82122826483464, 2052.1542360773346], "leftAnkle": [202.22921479815159, 647.72114390807405, 29.74694111746112], "rightEar": [199.23563275170204, 277.35507736502927, 2217.9827619619409], "leftEar": [171.89385107611861, 427.46867400291831, 2172.9508374878405], "leftEye": [230.20705784897859, 498.83705845695545, 2183.1637281128405], "nose": [269.74017547726157, 398.21535673030166, 2156.1183122568091], "leftShoulder": [312.51452494224213, 596.28611381322958, 2061.9799120713765], "rightWrist": [1237.089162626155, 118.55051716014123, 2184.2433806541831], "leftElbow": [742.13304809095325, 744.15590041342398, 2449.9931507630108], "rightEye": [267.47482026690159, 392.6122951878649, 2183.2561329644941], "rightHip": [102.31706742461074, 233.77386118373056, 1201.2357809460118], "leftKnee": [256.41747856882284, 555.70410536235408, 586.5515260214006], "rightKnee": [104.07036569795719, 206.12745470573941, 559.49342245257776], "rightElbow": [790.29249376823918, 0.0, 2454.1168968111624], "leftWrist": [1032.6140431207441, 814.8616511125972, 2202.7922182788179], "rightAnkle": [94.747530094844024, 159.79432149805461, 0.0], "leftHip": [274.93567417011172, 540.28566163059327, 1180.2673007356516]}