{"rightShoulder": [23.166047923759379, 317.30930907253151, 2114.2577531272796], "leftAnkle": [47.853462427042814, 698.52883899258245, 0.0], "rightEar": [193.10668470330711, 412.80605449750738, 2295.0593228470025], "leftEar": [85.701671555812254, 678.83300781249977, 2355.3927529182874], "leftEye": [307.81098005836566, 560.67084523954259, 2313.5150953953366], "nose": [273.75003799854085, 501.71777153757284, 2225.2047646370374], "leftShoulder": [208.23342883633268, 737.26573899562277, 2096.5166500106393], "rightWrist": [236.63733812621558, 293.47840542923154, 2058.4753014234252], "leftElbow": [240.69700723492224, 841.40643999270446, 1698.4448859663787], "rightEye": [276.17244497811271, 437.94042683760949, 2291.9994903445704], "rightHip": [5.5249878404665651, 385.2977233174247, 1225.1810155490027], "leftKnee": [113.55365203976135, 679.80838285809818, 634.55853295233464], "rightKnee": [119.65241784715454, 398.47134245044981, 619.81925519060042], "rightElbow": [117.46061451240257, 0.0, 1881.9057598188226], "leftWrist": [278.43454561344834, 834.80633093689198, 1274.4674979480785], "rightAnkle": [0.0, 369.34914199294735, 5.6117907572343029], "leftHip": [147.00780490029183, 692.41819864117201, 1278.2811265047419]}