{"rightShoulder": [84.620956549861233, 414.12776348233047, 899.64968759778708], "leftAnkle": [99.262513908767872, 610.8544826177324, 0.0], "rightEar": [96.140869283105189, 400.76531764339836, 1017.6154526642129], "leftEar": [65.022076961962796, 581.21039134141688, 1058.3973657542333], "leftEye": [156.41169185425457, 549.25458610537271, 1048.1954122773493], "nose": [183.89799460232217, 532.93245170433033, 1004.4665880045109], "leftShoulder": [6.1947303625423444, 656.53657608131539, 937.47434137503865], "rightWrist": [443.24269105721032, 0.0, 765.34560215178089], "leftElbow": [247.10670179974574, 719.62115677339557, 810.90210449048845], "rightEye": [168.38442170214137, 469.96975482232006, 1022.6644844317627], "rightHip": [37.399181803183552, 535.30476919141006, 528.12679091633436], "leftKnee": [123.25041875998846, 626.49368998123759, 268.39958466031931], "rightKnee": [157.59068164461789, 583.98774602458911, 272.98189096967371], "rightElbow": [331.97676572168734, 193.89054443735108, 788.52137547246548], "leftWrist": [411.15458583221664, 497.75778286711488, 784.71873496068611], "rightAnkle": [73.290781901350414, 619.54504671455948, 6.9059251969929392], "leftHip": [0.0, 653.92284047469843, 531.29464091258706]}