{"rightShoulder": [82.525507790595668, 188.96983283133136, 2105.2434563943957], "leftAnkle": [100.48969379677419, 703.7946058407947, 0.0], "rightEar": [320.79032908855106, 372.32805847566681, 2471.725314692475], "leftEar": [309.57118254791908, 580.23165929141112, 2516.6273535933633], "leftEye": [419.96108202326928, 502.89501838180388, 2509.6300750464843], "nose": [451.87940307648245, 470.59944071986615, 2471.5137522190394], "leftShoulder": [104.24739013290821, 814.39542253318677, 2123.3490476489419], "rightWrist": [86.514252206357412, 121.95936183983463, 1239.1321362219524], "leftElbow": [225.37830218037968, 911.9182849102217, 1647.7982300095064], "rightEye": [425.25187026549048, 423.98884025461064, 2500.2837404415568], "rightHip": [31.710953298606569, 260.02898622500015, 1231.8105702323119], "leftKnee": [125.66048304688246, 673.35402134986657, 563.85351455040382], "rightKnee": [2.0353199411715082, 246.08420598076759, 628.71268687377051], "rightElbow": [0.0, 0.0, 1608.4027950779996], "leftWrist": [365.28661826086858, 875.03407015748894, 1280.5448179997998], "rightAnkle": [52.928802672690381, 294.13923931624572, 7.4754003403995739], "leftHip": [59.096085188570441, 708.0211240508313, 1235.5935506934175]}