{"rightShoulder": [630.25144774440673, 71.876351798090582, 1938.8441846083108], "leftAnkle": [244.39941786235363, 660.0312917983947, 35.263769721242625], "rightEar": [889.57510506596532, 221.24860355362352, 2310.8694465132539], "leftEar": [826.89417786356967, 497.96543367734648, 2210.5273337753829], "leftEye": [1046.3116032344356, 383.90527058760927, 2262.3259286843386], "nose": [1096.1490255274196, 337.57865887949902, 2185.5943465770915], "leftShoulder": [608.98205233918975, 636.402229754377, 1935.2155965960906], "rightWrist": [632.17789111898105, 101.32688577258614, 913.05866119740995], "leftElbow": [307.87898034715431, 654.20748628252659, 1493.7974668272736], "rightEye": [1061.9845117947468, 269.59774744649803, 2239.3715473575812], "rightHip": [0.0, 129.42201844449164, 1335.2113963323804], "leftKnee": [407.25649870044958, 590.93986825905858, 644.57142585724705], "rightKnee": [451.89935991457901, 11.326125326787405, 645.68880145002413], "rightElbow": [577.63211712670204, 0.0, 1422.4814500623174], "leftWrist": [638.32716316193432, 531.54737468081203, 896.58629373632039], "rightAnkle": [334.69215102140083, 49.033296221424735, 0.0], "leftHip": [54.662453261794553, 497.74388033499508, 1347.0242801176432]}