{"rightShoulder": [380.23730307214521, 27.563146175852353, 1057.4547748000846], "leftAnkle": [271.44736176512362, 284.27480051672455, 0.0], "rightEar": [416.87920170642678, 73.126073035873446, 1263.2776294603345], "leftEar": [437.47408561309322, 301.10308750901055, 1271.2816975312062], "leftEye": [532.21530686285973, 210.86483807165553, 1292.6430707056359], "nose": [546.32755959667361, 172.79660411301211, 1251.2906080140087], "leftShoulder": [562.14071613735268, 341.71709302789714, 1049.6195762006716], "rightWrist": [560.82772832592548, 0.0, 973.78713618061556], "leftElbow": [815.44299585742158, 382.07703588546019, 905.69896388435973], "rightEye": [524.52971410350233, 123.5742256052248, 1293.4091231109369], "rightHip": [86.340892610018727, 93.771345724785078, 581.53956361745759], "leftKnee": [149.97011052263321, 260.12046019935701, 382.758128761433], "rightKnee": [164.33868187052519, 101.55421819092885, 406.66974975953372], "rightElbow": [0.0, 14.370562016005806, 681.65907886087734], "leftWrist": [958.06014713113495, 353.53867561986635, 840.39381670605462], "rightAnkle": [271.86483330663873, 127.39728492614495, 2.3892283079280787], "leftHip": [137.69088755043003, 275.71357681820541, 584.06984498028487]}