{"rightShoulder": [464.17154096567975, 268.32705038610715, 1416.8135360153665], "leftAnkle": [0.0, 554.03812185598076, 0.0], "rightEar": [381.49676502062823, 417.4748437621555, 1605.2346314981403], "leftEar": [325.86916283392225, 616.27161978534286, 1657.6882423981881], "leftEye": [442.65717076079159, 553.56454353485367, 1683.0699608784421], "nose": [489.60028969931147, 529.69913387928091, 1655.8408693115925], "leftShoulder": [212.23626066355177, 670.49286206337592, 1387.7025795621557], "rightWrist": [936.08676115745777, 0.0, 1489.6401214714838], "leftElbow": [247.23616192304181, 713.76439974643836, 1107.9689289428645], "rightEye": [462.23707435193018, 477.3670601454761, 1670.7369864643406], "rightHip": [423.51112347361334, 334.93623027534403, 821.91458455895031], "leftKnee": [132.07149767615522, 568.2641852677225, 391.99578635780586], "rightKnee": [492.93392610734753, 440.38480128297948, 408.0263462932578], "rightElbow": [577.90061292026405, 155.22517224134373, 1280.2978510095145], "leftWrist": [484.38691384069716, 608.0283649093019, 1457.003744475134], "rightAnkle": [551.94574896804193, 498.49347887237349, 24.679554844131417], "leftHip": [185.7868253811186, 555.1053183715901, 848.65788440963183]}