{"rightShoulder": [741.1674566074862, 0.0, 2049.8394795076078], "leftAnkle": [371.70356184093487, 393.87985212109857, 0.0], "rightEar": [1180.7409268326639, 186.71908392241306, 2032.5853636892778], "leftEar": [1262.8500232924039, 257.57546290455906, 1933.1981898989088], "leftEye": [1263.5507749543162, 210.30401329359853, 1945.4182703143576], "nose": [1235.408918940916, 207.7333629427801, 1981.6071428783621], "leftShoulder": [878.78647617919387, 447.73597866079604, 1904.7200046276525], "rightWrist": [714.91075359529964, 29.642425621189204, 1026.5929345602349], "leftElbow": [891.23999686914215, 524.23364312618719, 1545.6325012989541], "rightEye": [1242.7134557879845, 174.87924361845302, 1996.9774491324911], "rightHip": [0.0, 118.39733141343299, 1347.0832001463018], "leftKnee": [362.0299584958957, 414.56168135670691, 624.50231949469571], "rightKnee": [210.37792850685082, 122.19123026180159, 648.33907920018601], "rightElbow": [587.97122090229641, 60.627571757702754, 1456.9510556612686], "leftWrist": [971.18971017232343, 494.0879865249583, 1148.4319031360083], "rightAnkle": [228.88217510316133, 112.94161347810632, 68.524827585843923], "leftHip": [278.35093729389166, 384.13953692966311, 1361.3446889971046]}