{"rightShoulder": [116.15146218385235, 601.75715132538903, 2046.968432712184], "leftAnkle": [78.969880456590545, 1285.2296365819552, 758.02692196619682], "rightEar": [384.19304018725688, 0.0, 2570.6569501231156], "leftEar": [599.29190479085605, 487.04311124452818, 2551.5222633450876], "leftEye": [684.535380441391, 393.54723598613805, 2499.1082445434095], "nose": [670.26673075753888, 396.29813560159289, 2422.5935562074419], "leftShoulder": [363.9936029456469, 875.83209584751944, 2511.8480248358464], "rightWrist": [67.459850741731543, 877.20955055325862, 845.05098644212103], "leftElbow": [72.282977033682073, 1361.5778286113812, 2213.6740865150778], "rightEye": [620.02434566512648, 345.15653878891044, 2535.5561532937136], "rightHip": [94.644113266050681, 1150.0954409350679, 1051.0154160080256], "leftKnee": [187.39308920537451, 1214.9523954280155, 1397.8304543105551], "rightKnee": [80.361339524562482, 1228.4577475224951, 819.31288378526278], "rightElbow": [23.963857687864902, 731.88185493677042, 1339.5974434581713], "leftWrist": [222.68049116913926, 1005.5987905064444, 1769.2294921875002], "rightAnkle": [230.55369573808366, 1268.8626067758996, 0.0], "leftHip": [0.0, 1399.6737635274806, 1840.4224031797182]}