{"rightShoulder": [92.769979541042545, 173.98791804631969, 1640.3535115685418], "leftAnkle": [30.084077650408403, 216.17410081022581, 0.0], "rightEar": [139.63963862327762, 293.56102320471462, 1865.1897487601072], "leftEar": [138.97640967097828, 445.50867458700725, 1836.2962015413243], "leftEye": [234.69738446931007, 409.95143786703386, 1840.3700411588752], "nose": [240.58870919478028, 367.675377724074, 1830.552132462499], "leftShoulder": [20.368674222130096, 571.78515700473395, 1698.0126514553781], "rightWrist": [200.91517339586647, 281.64092083847277, 1139.3212447915075], "leftElbow": [57.105830593306251, 766.04145665162218, 1903.3879489966282], "rightEye": [238.42415539570584, 345.24705028271126, 1867.5657330553595], "rightHip": [111.31785589946082, 232.84979672146687, 963.96755449655802], "leftKnee": [95.318246612768064, 543.75591909069522, 487.70694710888256], "rightKnee": [57.135192069572469, 219.46382242471304, 508.96728300498808], "rightElbow": [114.65084705791904, 0.0, 1379.8037118024304], "leftWrist": [177.71419845265802, 654.6165086308331, 2004.856034080372], "rightAnkle": [0.0, 576.92032466958767, 25.877350771905185], "leftHip": [103.44001728318295, 506.50671402684679, 991.67443430801222]}