{"rightShoulder": [289.20121655081016, 204.6539140692646, 1494.146380131647], "leftAnkle": [511.70146316889389, 625.99665831273649, 93.043988967217956], "rightEar": [403.31273321068102, 480.54661419869956, 1723.8781412395645], "leftEar": [393.04800589662432, 677.8642345863642, 1803.4165699166942], "leftEye": [502.96087966050436, 609.97302521670485, 1764.3551860227187], "nose": [528.38680637816196, 586.10420373341447, 1716.4131456739044], "leftShoulder": [400.77040397210362, 706.58909741573314, 1503.7366458918746], "rightWrist": [334.83101558271028, 135.2344624451905, 846.04185556565494], "leftElbow": [461.16323940165705, 955.1741720711658, 1167.0157039099283], "rightEye": [509.30302377099179, 533.96816709520976, 1741.4516904942009], "rightHip": [283.37052290420706, 315.75503516408151, 874.75049066133693], "leftKnee": [592.51968320793469, 659.65544648708908, 514.69576493009572], "rightKnee": [404.49697773754099, 194.47515492274545, 482.26426165076919], "rightElbow": [234.3071371811854, 4.5704135094468938, 1165.5473037606364], "leftWrist": [597.48950451359929, 1206.0833379758624, 1282.7525858188753], "rightAnkle": [0.0, 0.0, 0.0], "leftHip": [409.21249840997751, 626.49786558362678, 890.78622272490543]}