{"rightShoulder": [92.609432643932337, 141.01873321028086, 1842.0479572429308], "leftAnkle": [130.80036661593667, 429.06127726116324, 98.186186871098471], "rightEar": [80.431341554769119, 263.31317983568874, 2110.2641671774049], "leftEar": [200.18118849019027, 348.59312321828349, 2105.0062309341565], "leftEye": [197.30362954717521, 299.86088670434918, 2106.1464701427094], "nose": [152.7204708977996, 291.49622340094271, 2113.2585143793617], "leftShoulder": [211.05764455274564, 475.35811317419666, 1780.6452530073054], "rightWrist": [576.44892606711824, 54.248426055620484, 2349.524273705656], "leftElbow": [493.73316656713536, 530.69465373378989, 1530.2545817526925], "rightEye": [151.26789714445033, 255.99492921233002, 2123.580523384283], "rightHip": [108.09366360716518, 164.99732391956832, 1162.1321462248934], "leftKnee": [223.67896930615126, 455.9628301071748, 612.59311696618533], "rightKnee": [117.84991890123291, 132.5931854010488, 582.75057490419204], "rightElbow": [482.22622434747706, 0.0, 1553.2654788474463], "leftWrist": [592.12599527246402, 486.56189142668791, 1476.5494403599475], "rightAnkle": [73.866420810381328, 61.921781106355297, 0.0], "leftHip": [239.0453546769819, 417.87645319486319, 1076.0157584938072]}