{"rightShoulder": [573.82766521765575, 258.87614185615257, 1957.0350517540128], "leftAnkle": [68.988600437743116, 1013.4684042132781, 51.641624361624963], "rightEar": [885.02470285141067, 335.46839281371581, 2105.8744908195531], "leftEar": [792.46460625911959, 633.29305994649803, 2078.3676491822716], "leftEye": [977.18597435858464, 539.04465968506793, 2031.5118061466444], "nose": [994.58573610773351, 482.37870105787943, 1951.5786170811043], "leftShoulder": [564.46700586697466, 674.96669047908563, 1985.7496200145918], "rightWrist": [642.52301191634274, 295.34757075328298, 1054.186626033561], "leftElbow": [496.37408613509251, 668.5780680021885, 1516.6346060311287], "rightEye": [989.23654851653714, 415.07517251337526, 1960.7021598370625], "rightHip": [16.357573869163616, 247.63698283985877, 1373.6910034654672], "leftKnee": [74.918071346060515, 766.32277100559304, 673.31848477018502], "rightKnee": [218.45632067728616, 201.28278324112352, 654.81908134727655], "rightElbow": [592.43383694066165, 202.33753913849705, 1447.8108261642756], "leftWrist": [548.88805059885703, 631.8717967230059, 1135.7882493312263], "rightAnkle": [227.71152837731051, 0.0, 0.0], "leftHip": [0.0, 528.25004939810287, 1353.3304562104818]}