{"rightShoulder": [57.801070134895724, 143.16454664753292, 1620.8542391491223], "leftAnkle": [319.02321016900771, 433.76380237804938, 0.0], "rightEar": [227.53384055053664, 263.87384600151768, 1900.4911515153958], "leftEar": [197.4647206357788, 460.20981824615592, 1868.7735204419007], "leftEye": [319.58333770766257, 415.69910540685999, 1894.7030990182764], "nose": [352.90857289708367, 374.10770214609875, 1858.0024515791183], "leftShoulder": [262.48122719792224, 532.33868822254908, 1604.3012338792068], "rightWrist": [75.979706787611804, 0.0, 907.03117880084073], "leftElbow": [244.45153056334908, 646.55017307432058, 1189.1917801946333], "rightEye": [332.54896286137949, 334.17237736802122, 1911.2568834556771], "rightHip": [150.37163435173017, 197.83577350368728, 944.5190796473139], "leftKnee": [346.45688263297086, 402.24849683247908, 445.84156696776654], "rightKnee": [133.5042915849603, 280.1687915133482, 456.64296406007679], "rightElbow": [0.0, 27.556189114860445, 1207.6073128491962], "leftWrist": [301.79371183939929, 668.47132769060045, 903.88341517614708], "rightAnkle": [95.594531165919989, 428.78249478537623, 12.153651769004227], "leftHip": [324.37828497725411, 433.4059440410258, 938.14729949729372]}