{"rightShoulder": [305.40461796267027, 185.24312036417791, 1565.3754122841681], "leftAnkle": [1020.8410426039641, 293.00740591561271, 0.0], "rightEar": [610.07897426738805, 438.1583114208413, 1749.5879552225192], "leftEar": [718.50337997020915, 733.22160559034523, 1759.5514006262158], "leftEye": [796.69296609010212, 702.61716660080242, 1731.9577798212547], "nose": [825.19651135396407, 646.10441809034523, 1715.1596071710844], "leftShoulder": [732.81966842473253, 792.79807765381815, 1462.1461461879862], "rightWrist": [381.50611776507776, 103.48876573139592, 876.02312971181891], "leftElbow": [865.0409567272618, 920.91357421874977, 1039.280239238813], "rightEye": [771.32951004681422, 593.90812522799092, 1769.3493072865999], "rightHip": [279.11053015564198, 287.32821809642496, 700.79791616001967], "leftKnee": [1034.6304318914154, 398.56295218263608, 670.86999559216929], "rightKnee": [932.34855491549115, 200.99826726653691, 746.17157101167322], "rightElbow": [0.0, 0.0, 1027.1930382873295], "leftWrist": [1110.6013440083902, 790.80969760761195, 904.00300758450862], "rightAnkle": [980.21546502614274, 282.19388375486369, 26.078516384970499], "leftHip": [650.81383374878396, 632.93002378708638, 646.72288424124508]}