{"rightShoulder": [174.80047924634349, 137.96872234796797, 2134.580598748526], "leftAnkle": [104.2695305947465, 587.2389195806345, 4.0325907909445959], "rightEar": [31.320671918193852, 290.96112761020538, 2426.772431435154], "leftEar": [131.62909378779293, 442.59878390258427, 2380.5532796809666], "leftEye": [172.45786700888294, 372.44919659452546, 2434.306063152706], "nose": [187.39376413084563, 321.9180153399418, 2421.7506786254417], "leftShoulder": [254.48844123412715, 512.81975724240147, 2171.0456249398549], "rightWrist": [1025.7178125358034, 264.25109883749701, 2532.3612259172155], "leftElbow": [494.85766985881594, 590.49238849242556, 2191.2336599951022], "rightEye": [128.62867609080254, 301.90694783366746, 2447.8726460488087], "rightHip": [290.07160949991862, 208.69131633178745, 1376.9135110035877], "leftKnee": [236.43664068327649, 509.05855682124911, 666.96273468006711], "rightKnee": [171.26404407221068, 223.66167859624807, 653.80383882345222], "rightElbow": [575.35497966741195, 0.0, 2154.5142857202363], "leftWrist": [1019.0882024064437, 702.15634200628165, 2527.6226664569849], "rightAnkle": [138.4560352690811, 113.43152799578138, 0.0], "leftHip": [310.39035567521387, 465.26148890955392, 1394.053549239813]}