{"rightShoulder": [149.89289020410627, 64.341928036657578, 1327.6951670350813], "leftAnkle": [0.0, 406.4121826191556, 40.698206516387017], "rightEar": [259.50856116137788, 173.66012786530166, 1535.0503807873356], "leftEar": [339.18179928144241, 297.25708747353895, 1531.0121657117534], "leftEye": [350.12931806469101, 253.15504194481201, 1513.1355670630787], "nose": [316.33426158581938, 226.17478979288353, 1528.568225679373], "leftShoulder": [71.691791576042817, 440.3034137045463, 1404.5297635214238], "rightWrist": [500.73503956346178, 135.28744099155278, 1154.1820639789794], "leftElbow": [56.487438773109432, 457.6458393548362, 1147.8535304795505], "rightEye": [328.74454796078203, 191.67135585524443, 1523.6191279762138], "rightHip": [164.99266996540584, 131.24159918155385, 843.84907901733686], "leftKnee": [101.43609357785505, 391.14062745070737, 431.17361971930632], "rightKnee": [176.72908887602009, 138.69392808886539, 424.03395610004236], "rightElbow": [233.94067569634973, 0.0, 1075.3400704151359], "leftWrist": [178.5506053454078, 341.76480402367974, 935.50483701374219], "rightAnkle": [106.72854332137635, 92.594969826148599, 0.0], "leftHip": [58.441738686060035, 338.69278853084825, 875.02368082270391]}