{"rightShoulder": [55.19308855733064, 55.016016144365722, 955.36474673572843], "leftAnkle": [0.0, 245.80875386319212, 0.0], "rightEar": [48.076667885190886, 100.34321793086303, 1115.1169284493558], "leftEar": [30.321732089334688, 299.91804921763918, 1116.4966224101163], "leftEye": [139.73455794961257, 239.21570262509158, 1134.5297274072759], "nose": [195.39623789206092, 233.27612592371952, 1095.0500139145154], "leftShoulder": [52.028083131519452, 299.7652320846712, 947.73565833590305], "rightWrist": [428.49152041624308, 210.23720148165762, 734.15829183474511], "leftElbow": [215.04723148470529, 349.75332078447968, 801.22823923180567], "rightEye": [144.7292921959633, 177.18679587489657, 1129.4653051103367], "rightHip": [77.40955536275348, 128.07691351340804, 519.99483750746458], "leftKnee": [38.280814951878, 252.04509122227705, 246.50359912814201], "rightKnee": [110.04635110731056, 144.67739757689628, 246.94562433680267], "rightElbow": [232.7382957953281, 0.0, 760.33188985410084], "leftWrist": [382.89909041235239, 340.91227009147201, 782.40522312571034], "rightAnkle": [72.616030257457609, 139.61432890964238, 33.913083417387725], "leftHip": [48.193099091344749, 305.01892685575899, 521.67319979208037]}