{"rightShoulder": [92.835309991979813, 216.16994668952134, 1152.2337601204999], "leftAnkle": [43.335074716206492, 614.50429980092122, 4.0514460947892985], "rightEar": [87.569415320751204, 261.02075662817333, 1328.2816725555977], "leftEar": [88.82099210059107, 461.33883776650737, 1332.565888738917], "leftEye": [193.62220464179802, 390.68580005247316, 1330.1187818585665], "nose": [240.24659827075664, 380.32166032066516, 1281.0178705714125], "leftShoulder": [111.65429979847633, 522.68257877491214, 1177.2717994101715], "rightWrist": [22.614609002600474, 0.0, 656.81635789929464], "leftElbow": [77.781270415343556, 691.77391641889335, 900.89314342298394], "rightEye": [191.86463514153513, 328.54426718656418, 1324.328975424437], "rightHip": [64.052572465337391, 295.91973409188495, 659.27778977072444], "leftKnee": [108.35566916351317, 669.43305849259355, 306.34712441936199], "rightKnee": [107.05145246050063, 347.950828329655, 297.66437344486394], "rightElbow": [0.0, 6.2038022931260457, 908.21505358791319], "leftWrist": [330.54394946415175, 643.2812177893768, 944.7736252580446], "rightAnkle": [46.244727418773209, 370.40249026302899, 0.0], "leftHip": [134.93821388792463, 450.26348904013958, 650.26832992242748]}