{"rightShoulder": [1501.109276203794, 281.07981118525049, 1935.3343349115394], "leftAnkle": [1090.0476606198322, 516.19403004924629, 0.0], "rightEar": [1700.2824365044382, 399.96157350057752, 2173.4839992894272], "leftEar": [1644.0161237308487, 800.06206396674384, 2098.8006188062377], "leftEye": [1812.2206841257296, 643.14546791403222, 2049.8096016612963], "nose": [1816.1751504742217, 566.28018509089247, 2011.9280982110286], "leftShoulder": [1374.2073927111196, 842.39851919686294, 1820.1020256072165], "rightWrist": [857.99551759712426, 0.0, 1518.867723754408], "leftElbow": [1449.7275694613327, 796.09002709295987, 1237.1247625091196], "rightEye": [1827.2303053562744, 467.77776125896776, 2087.683006197562], "rightHip": [632.88332025550221, 525.39027826331471, 1485.4310141240576], "leftKnee": [1170.6444837518238, 711.50222386460359, 723.74201650656596], "rightKnee": [430.65865388269094, 349.05180008587672, 726.18720218643602], "rightElbow": [828.47277974525764, 354.42275276629402, 1815.2456971402298], "leftWrist": [1385.7925460162328, 621.07661360803763, 930.76563259970817], "rightAnkle": [0.0, 371.40507727003273, 34.680236103933566], "leftHip": [569.65427502583907, 761.58810436679255, 1379.749108934217]}