{"rightShoulder": [94.140435007295537, 69.202496124148865, 1563.7421685007296], "leftAnkle": [414.64067819795719, 502.50404684460113, 0.0], "rightEar": [269.94617126702315, 236.78539754073449, 1967.210358022252], "leftEar": [31.706115485165355, 454.68597245865772, 1920.2490633359678], "leftEye": [228.05589205374531, 366.67286486198941, 1939.6469004590224], "nose": [293.4052734375, 304.27876299550098, 1898.0876987323686], "leftShoulder": [23.160462138253934, 477.94374696011687, 1542.8182149805448], "rightWrist": [173.55977170476649, 39.308449355544781, 680.11095953915355], "leftElbow": [0.0, 560.41723157830734, 1079.244140625], "rightEye": [407.32836629073427, 316.60834713946997, 1958.7735077973005], "rightHip": [180.36026606578298, 153.75030208839985, 812.27311831225688], "leftKnee": [725.24594175583661, 555.62606395914395, 554.61344084387156], "rightKnee": [772.09316672239765, 53.388459083171256, 417.25338946984448], "rightElbow": [124.86085884302042, 0.0, 1117.6019690843873], "leftWrist": [55.508384378039864, 625.40824492339493, 646.33483174246112], "rightAnkle": [568.89681306237844, 137.61236928501944, 14.886038576118608], "leftHip": [74.066797634970953, 442.33771583171188, 781.28828732976672]}