{"rightShoulder": [76.164898200300144, 439.21089455322578, 1582.4606308948723], "leftAnkle": [10.066425393010149, 907.21256112104709, 0.0], "rightEar": [34.366947078702552, 506.03007304756136, 1799.1016815195755], "leftEar": [32.305423671653173, 712.40883929386246, 1747.7656963619745], "leftEye": [170.57065456613077, 669.5222910693318, 1800.536447682751], "nose": [216.28431281857098, 626.45994744106167, 1780.0163360708561], "leftShoulder": [87.107010753827154, 758.60841210557908, 1588.0639682013982], "rightWrist": [106.26768592598181, 0.0, 1109.1793699272948], "leftElbow": [107.00607352088988, 999.3309113302372, 1314.9665154742668], "rightEye": [171.54697220601878, 591.96828132608061, 1815.4800933501504], "rightHip": [68.58596217869794, 465.9606375080308, 989.54486111913593], "leftKnee": [85.258295775244449, 824.54117854058234, 495.86732357828078], "rightKnee": [77.84487674721754, 312.93553716931694, 497.84254353593496], "rightElbow": [0.0, 237.32665486505437, 1304.1456052958979], "leftWrist": [130.32948214359016, 1263.961525948378, 1122.6618085126502], "rightAnkle": [36.400482076765144, 179.91271099526136, 3.397075321227021], "leftHip": [144.75029224286459, 679.94863876413444, 995.4911632716171]}