{"rightShoulder": [178.03047820639665, 838.87181999476479, 810.94687551269908], "leftAnkle": [323.20969592745035, 0.0, 27.822250323881235], "rightEar": [437.00478734147737, 1014.7327057430844, 1011.0902906636059], "leftEar": [462.583676857981, 1160.7919061564576, 967.09260788564052], "leftEye": [550.03031413795418, 1107.9635470570252, 969.47344219715205], "nose": [547.19974319353969, 1064.6439255671235, 963.66288615639814], "leftShoulder": [467.68657428392805, 1128.6469869451216, 780.30890298115537], "rightWrist": [32.075976802279229, 284.08701190311012, 318.4401386948839], "leftElbow": [451.31958555219774, 1301.6945100303569, 459.54248415285383], "rightEye": [543.60076013233152, 1046.4228071881632, 1002.8133645667438], "rightHip": [65.379349034170389, 719.66778803102397, 396.83868981238902], "leftKnee": [340.97042174055969, 296.62871475650081, 267.00910212227518], "rightKnee": [60.984453845287476, 264.36951898954976, 323.6939889909786], "rightElbow": [15.758904868886589, 515.27566220740528, 559.13221795948311], "leftWrist": [533.65026452041491, 1062.4757629711335, 497.5011341850136], "rightAnkle": [0.0, 0.13158582942878638, 0.0], "leftHip": [290.58070107138172, 944.81528999782267, 358.18578150191661]}