{"rightShoulder": [44.097430952560842, 314.33992993356651, 747.82264561680859], "leftAnkle": [379.22042511325708, 716.8108242000701, 63.43672019649739], "rightEar": [114.57411761922523, 429.92181454557601, 945.68822774353771], "leftEar": [154.66144326931408, 612.76940305576568, 933.37019255427845], "leftEye": [224.48496902134048, 549.79581240116659, 958.59552079422429], "nose": [250.26687732350769, 511.67959883375966, 930.01989394140833], "leftShoulder": [155.16029292469443, 693.76033012932407, 747.38110740151615], "rightWrist": [439.34772334168707, 255.73602313375966, 568.68247142969676], "leftElbow": [252.85985701503725, 953.54128457142338, 580.50799828581421], "rightEye": [206.77908983608773, 467.5575692530453, 956.44326280856217], "rightHip": [0.0, 365.83425380380618, 237.00043025714012], "leftKnee": [417.46987131270362, 994.52468690406408, 402.58036247345626], "rightKnee": [320.49570150294403, 0.0, 315.33709154956796], "rightElbow": [162.5441455215194, 29.792727637446887, 558.27305293009567], "leftWrist": [457.64463277595814, 763.4337071286036, 581.92960472355617], "rightAnkle": [244.04981624611645, 412.24764574002643, 0.0], "leftHip": [152.56033489930255, 649.06797859294034, 281.22502196008236]}