{"rightShoulder": [563.33327855210337, 196.09763202593012, 1269.3960521415979], "leftAnkle": [439.22359861381301, 580.64299135913188, 0.0], "rightEar": [1017.5067860644151, 254.79952159837057, 1307.4466718977992], "leftEar": [1041.6048987718868, 725.32061838825393, 1354.2391770656009], "leftEye": [1195.0676511771949, 588.1508219084385, 1303.7487626725135], "nose": [1227.0775792459569, 515.44151739573181, 1205.8956246580133], "leftShoulder": [820.20474943762156, 829.99180656462795, 1201.2845971964678], "rightWrist": [1231.5945769432453, 390.51453349191388, 433.9741296434222], "leftElbow": [1123.7571252013922, 921.12737585876675, 645.73053144759251], "rightEye": [1189.4310815714675, 422.6856162223371, 1291.3533061580436], "rightHip": [0.0, 210.22721702486615, 435.73969289579327], "leftKnee": [980.37010816284646, 831.77905843415601, 581.64121682727364], "rightKnee": [996.8378084531555, 78.078884495835155, 606.91614292011218], "rightElbow": [1022.6935227687254, 0.0, 696.87448701969879], "leftWrist": [1226.0324075305507, 632.19957973613782, 399.43871310341729], "rightAnkle": [498.2127937287205, 274.42346476395278, 17.492830625304123], "leftHip": [69.830209219966036, 789.01789066299852, 464.33435011095571]}