{"rightShoulder": [364.5474173517826, 152.28013847760826, 2059.4738715744106], "leftAnkle": [160.18512319845775, 571.25049332136177, 121.78421871999808], "rightEar": [370.18640143163884, 169.90287281922852, 2298.3539348373133], "leftEar": [389.59050931378749, 348.84309443633288, 2351.2296946674214], "leftEye": [452.39181254226509, 281.96603470523047, 2383.7991626968078], "nose": [491.24759296745043, 254.05270699940547, 2358.3985043119173], "leftShoulder": [198.75781560912191, 542.33628286617386, 2038.4484122914546], "rightWrist": [550.19921105178696, 0.0, 1390.0120530212005], "leftElbow": [213.48568546829688, 676.26264798413126, 1722.9702176911894], "rightEye": [446.7795207138995, 203.72228240934211, 2353.3413818298095], "rightHip": [296.80981917816774, 326.92325735147415, 1306.1850217841175], "leftKnee": [219.57977331848065, 547.60115831313942, 730.74668389537101], "rightKnee": [125.29970669148162, 439.47928589833759, 663.25923306163349], "rightElbow": [536.89359184025966, 67.225796168258057, 1690.4280488559541], "leftWrist": [393.90342691491333, 803.66107167830614, 1353.8876811243833], "rightAnkle": [0.0, 513.41097606129824, 0.0], "leftHip": [188.1723089828086, 556.86619932659619, 1341.41935684239]}