{"rightShoulder": [0.0, 188.4827647828015, 1313.1349192371886], "leftAnkle": [0.0, 483.87718807031911, 0.0], "rightEar": [94.654504634391827, 264.92733446404645, 1591.177491922127], "leftEar": [94.654504634391827, 489.37561428551271, 1580.9956206256256], "leftEye": [200.00147259373711, 418.15891157014903, 1597.5155353664281], "nose": [229.33872382240739, 373.93063327301661, 1565.1480046255365], "leftShoulder": [0.0, 538.13311331986915, 1297.2767562819558], "rightWrist": [0.0, 0.0, 792.59341070022447], "leftElbow": [0.0, 622.39349416046934, 1011.5645970157689], "rightEye": [200.00147259373711, 327.51583187516712, 1600.0], "rightHip": [0.0, 230.58509532158973, 741.82267702815443], "leftKnee": [0.0, 438.28170598790462, 327.74874048460697], "rightKnee": [0.0, 257.16620827211636, 327.54783093907508], "rightElbow": [0.0, 75.930833466165268, 1029.4645708871799], "leftWrist": [0.0, 725.23211758780394, 737.82772921866763], "rightAnkle": [0.0, 234.8746414781499, 12.037538404349107], "scaleBenchmark": 90.677122038065988, "leftHip": [0.0, 478.54305555638484, 723.74623070728103]}