{"rightShoulder": [716.60477147677511, 53.884716226896671, 1467.3539735074173], "leftAnkle": [1147.3772780125244, 379.47752006322935, 0.0], "rightEar": [917.5908298121351, 146.57516111381301, 1680.4644580648103], "leftEar": [1010.8165525443821, 366.78669519090454, 1725.3191136460362], "leftEye": [1131.3455150322227, 297.29106502310287, 1727.0922813563959], "nose": [1130.879181739421, 243.92271476775295, 1645.2580898893484], "leftShoulder": [1099.5668641324171, 474.95495272981498, 1564.9173379742219], "rightWrist": [0.0, 138.59458976775295, 1214.0761053775536], "leftElbow": [1367.6635020215224, 565.8990416767997, 1462.138844768361], "rightEye": [1073.3406436192847, 195.61436800826823, 1692.3776218993191], "rightHip": [708.37978211636664, 118.20830800097292, 766.37675363266044], "leftKnee": [1354.0996188746351, 355.36081134484448, 473.82885837183858], "rightKnee": [697.60192918591929, 43.339072379620575, 277.20653536904183], "rightElbow": [338.62033187925567, 1.2465079340952343, 1351.6742309095332], "leftWrist": [1835.0084603751213, 430.78830632903691, 1533.2455750699173], "rightAnkle": [766.34156318397368, 0.0, 49.404158180325794], "leftHip": [999.34973287025764, 385.81060387281104, 764.40094160384251]}