{"rightShoulder": [0.0, 134.87331760778306, 1257.4865162267088], "leftAnkle": [0.0, 454.12541388177419, 26.501855083939972], "rightEar": [29.716309639460817, 223.0808856862468, 1487.5943634551732], "leftEar": [29.716309639460817, 410.48445160808387, 1479.1166413276571], "leftEye": [112.24789833973998, 363.26435789407128, 1500.0], "nose": [144.3050274019802, 332.08527893896508, 1469.433277993101], "leftShoulder": [0.0, 453.4603421393233, 1266.0057391135119], "rightWrist": [0.0, 0.0, 783.88082253445327], "leftElbow": [0.0, 523.10002901521148, 1013.6636393481594], "rightEye": [112.24789833973998, 279.20377526226275, 1496.1170300220026], "rightHip": [0.0, 209.47702509135888, 785.26783088952698], "leftKnee": [0.0, 436.45809915573318, 391.78359137681309], "rightKnee": [0.0, 191.34702104900862, 387.87421985194987], "rightElbow": [0.0, 83.379616981545496, 997.00788355487384], "leftWrist": [0.0, 572.68019144035338, 790.05896110001413], "rightAnkle": [0.0, 162.04978077886153, 0.0], "scaleBenchmark": 84.15021692336353, "leftHip": [0.0, 434.25361414218719, 769.70186737522863]}