{"rightShoulder": [482.89066449848417, 98.008915638821463, 1110.2981338769121], "leftAnkle": [245.33388566130748, 534.7730711837537, 0.0], "rightEar": [394.15843380405369, 161.04102259329628, 1327.3572214008195], "leftEar": [413.01290287885172, 372.77599443874334, 1334.0384714125946], "leftEye": [548.47165615631707, 303.96262919928859, 1359.6691017757669], "nose": [587.31918600110316, 264.1867017633092, 1323.9770299430629], "leftShoulder": [329.15509983015818, 468.600362861848, 1092.4477625568254], "rightWrist": [615.17399597920269, 219.09768910089201, 1041.3516733314354], "leftElbow": [535.31544716853239, 497.91917646291245, 752.29408095997633], "rightEye": [541.2960190707397, 225.5880810619766, 1352.9735356375447], "rightHip": [0.0, 209.35336953761998, 619.49569096623964], "leftKnee": [478.51511506711864, 566.50731692425302, 388.70293100046365], "rightKnee": [433.467255998523, 67.537730456282361, 395.71351666243208], "rightElbow": [548.69540292804766, 0.0, 755.84010165794962], "leftWrist": [657.45200532019328, 304.71561241241284, 1068.7338555708366], "rightAnkle": [207.82735170603451, 101.25479891978625, 30.97999970201181], "leftHip": [3.2634799900470171, 412.76614685263053, 598.950823567925]}