{"rightShoulder": [0.0, 85.827734483383665, 1618.8464317192945], "leftAnkle": [126.46450409585287, 446.63121710336486, 4.9466790563446921], "rightEar": [122.26763083691638, 154.04996464564044, 1858.6037235541676], "leftEar": [78.44109486232486, 362.16305099803543, 1858.5234642676123], "leftEye": [223.79343683222831, 335.87378932369046, 1902.3738199373158], "nose": [276.48992296483726, 308.86529765731416, 1873.0685184147624], "leftShoulder": [135.28479940206071, 466.37341148823384, 1620.2485455072201], "rightWrist": [139.38080872903788, 19.585611504044209, 965.31001067575835], "leftElbow": [128.59766218245363, 539.53144046475586, 1290.5859290700232], "rightEye": [240.34381473725148, 258.75393754407838, 1898.1900869254425], "rightHip": [95.192665896809075, 156.67743570469361, 928.82328175010935], "leftKnee": [162.76147488573338, 411.68178842796829, 429.25062539451301], "rightKnee": [97.410329030204338, 174.57175758293261, 480.85035791912378], "rightElbow": [83.656106068574388, 0.0, 1251.8224267033104], "leftWrist": [258.15103105781026, 578.93564669648663, 1008.2541354789623], "rightAnkle": [95.948024307413903, 109.60985364371254, 0.0], "leftHip": [190.81952780131633, 377.82617060123289, 935.52165749256392]}