{"rightShoulder": [0.0, 78.661664792072088, 2029.3397535034651], "leftAnkle": [24.877253313472693, 493.32257151325393, 0.0], "rightEar": [75.145253222276096, 197.818319476532, 2265.194698823565], "leftEar": [119.19854807575371, 439.97049983280658, 2276.1742385092411], "leftEye": [239.25088346607481, 355.03847162268971, 2359.3171795203061], "nose": [306.32244231821483, 301.11521347580242, 2272.0873586454277], "leftShoulder": [89.503435068093268, 544.92637212731006, 2003.0519497051309], "rightWrist": [963.32500721972269, 90.150867506687746, 1943.4524362764469], "leftElbow": [399.33965565722247, 579.66987817667814, 1900.4310953459385], "rightEye": [257.68445441695053, 267.97335162329773, 2304.9614618798637], "rightHip": [3.1959869741001512, 143.67805356274312, 1264.4576363767628], "leftKnee": [106.27922467777216, 486.73477588460582, 576.64098598613782], "rightKnee": [81.30968620804947, 177.34442067424607, 691.06985176769194], "rightElbow": [349.4032120166587, 0.0, 1933.563561109253], "leftWrist": [935.71714266172148, 617.97528004924607, 1869.4881577547419], "rightAnkle": [51.185225787329728, 118.43920043470325, 148.98636517357681], "leftHip": [172.84171897799115, 445.82073238387648, 1168.8605681541826]}