{"rightShoulder": [1321.0057776268434, 2897.8075480401471, 3166.8039476114755], "leftAnkle": [281.61389556613085, 2829.08462198189, 3.4364282361821097], "rightEar": [2086.7073281614471, 3663.1386316441622, 3241.3239863540853], "leftEar": [2297.2948876233627, 3621.8214397270335, 3181.2823342986349], "leftEye": [2237.1061839252311, 3725.3486499109149, 3167.5683330935371], "nose": [2217.9158027366057, 3761.8234036289518, 3194.5820432494374], "leftShoulder": [755.08947083592534, 3174.2767253030929, 2781.8021899865907], "rightWrist": [631.86117518410106, 1905.544984601102, 2513.6750798504136], "leftElbow": [0.0, 3241.8680839905874, 1804.5842624518564], "rightEye": [2153.8402719198375, 3739.3733655400511, 3171.6530674902069], "rightHip": [705.20555139721318, 2418.9867435258466, 1716.0542836996474], "leftKnee": [395.62274775627247, 3016.5217537261701, 938.17783828368101], "rightKnee": [768.06742310095183, 2878.7051029735126, 931.07176661072572], "rightElbow": [310.5197242823881, 2600.408998123728, 2783.9320266782606], "leftWrist": [1638.2093503176739, 3636.4785785357817, 2533.4372487678502], "rightAnkle": [529.69284367621594, 2730.2814459796391, 0.0], "leftHip": [231.93905784013418, 2799.2308208400173, 1766.7278418397827]}