{"rightShoulder": [155.07457356137525, 205.25064027541339, 2517.0233216044508], "leftAnkle": [48.47447115530781, 624.35543835116709, 0.0], "rightEar": [325.9992709029973, 292.13029889652239, 2919.5084618000674], "leftEar": [254.60144137965085, 691.26674405702829, 2872.8346949477141], "leftEye": [507.24857362977286, 545.38553604541562, 2914.9710109131811], "nose": [579.9839593909594, 458.68926978204013, 2859.3999693161786], "leftShoulder": [66.921875474981562, 818.91963023619905, 2491.33246823322], "rightWrist": [0.0, 0.0, 1200.2340719616368], "leftElbow": [93.187614470604558, 948.71749319826108, 1775.3654091682884], "rightEye": [536.02991767616118, 389.7892002447104, 2924.5329456848858], "rightHip": [195.34511937241609, 278.00428291053618, 1410.5623195069311], "leftKnee": [28.554986263527326, 588.31582012250715, 543.43328596181891], "rightKnee": [244.07395133526848, 290.73495210283932, 711.01821080070567], "rightElbow": [1.0134624080435515, 22.892198139591301, 1860.4959769044872], "leftWrist": [288.89718497309718, 821.83029756657356, 1180.492488638436], "rightAnkle": [131.20199501839102, 347.56489438305584, 12.712000509180598], "leftHip": [74.435471352899867, 651.3520013831469, 1250.4168648923878]}