{"rightShoulder": [194.30765328611369, 70.314227033682073, 1020.691543044747], "leftAnkle": [153.09233645428003, 530.40576361867693, 6.992605483949319], "rightEar": [365.28152548942103, 200.19810349282602, 1245.1327536022616], "leftEar": [305.07138595877927, 491.72763025899826, 1253.9371884119648], "leftEye": [505.1209474556174, 416.0116693518969, 1258.2182142205738], "nose": [473.91132850498548, 381.50851167315182, 1202.0153571102869], "leftShoulder": [329.52587510639592, 568.73462579036982, 1019.2875159593868], "rightWrist": [489.6981946893236, 252.48835724708169, 506.06713962183858], "leftElbow": [300.25963073017988, 617.43772799124531, 596.15636399562254], "rightEye": [497.68594775960605, 341.15165027662943, 1238.4009644029668], "rightHip": [0.0, 239.15464836150295, 441.2879871412938], "leftKnee": [419.55932142205734, 712.49263588278222, 356.60660110651725], "rightKnee": [437.22325092716414, 21.874933502553631, 346.34655049246112], "rightElbow": [182.45649167071974, 0.0, 621.58254043044735], "leftWrist": [492.75377895488805, 457.97927179596331, 549.12492780277216], "rightAnkle": [193.90978576422663, 133.97925469661982, 0.0], "leftHip": [151.90076871048132, 524.45833839980537, 415.94104906371604]}