{"rightShoulder": [264.3889530642025, 185.30919222701846, 1717.7748320464493], "leftAnkle": [348.24204690539887, 1065.4770146826363, 0.0], "rightEar": [540.06925234071014, 216.73557955374508, 1834.2644337457441], "leftEar": [571.21279942850197, 387.59574112354085, 1852.5072102231275], "leftEye": [787.8205442910994, 248.64003032283563, 1741.3845110347761], "nose": [751.15113919625492, 237.97852132478101, 1655.5899577456225], "leftShoulder": [570.52838111016536, 730.02250653574902, 1826.1217948230787], "rightWrist": [133.55122393300098, 288.33377918287943, 1077.3744984192608], "leftElbow": [566.70028270914418, 1166.0410232247082, 1546.9656607186284], "rightEye": [705.7102155277239, 220.94598507417322, 1750.7978363630837], "rightHip": [27.231542208779274, 738.50005319795719, 1252.6805063685554], "leftKnee": [712.65685797665355, 1045.6049443701363, 671.6346098309823], "rightKnee": [258.43542337974236, 340.30516438168775, 676.19955313715946], "rightElbow": [0.0, 0.0, 1388.5149201270672], "leftWrist": [536.35079492947489, 1115.5135236806905, 1122.5092412451359], "rightAnkle": [134.65912458961589, 312.04926890807383, 12.614459204766717], "leftHip": [266.82810600072958, 1058.3630380593386, 1286.622651690175]}