{"rightShoulder": [1643.3937586583877, 107.18977664907857, 1734.3257612116074], "leftAnkle": [1972.3825154112569, 249.84735861029344, 0.0], "rightEar": [1157.3776111871177, 194.92408370349199, 1847.0403339350871], "leftEar": [1333.5458553564088, 252.30541444701453, 1817.6447403689881], "leftEye": [1292.1889622814256, 190.02848340768696, 1755.2868514639172], "nose": [1252.3002621368523, 196.72128278873197, 1719.2560726814604], "leftShoulder": [1552.4355885840002, 403.45698273490643, 1723.6482110049578], "rightWrist": [1346.6222937590194, 90.386756857031969, 920.94214314837245], "leftElbow": [1590.2006619407721, 423.09917857374921, 1246.8108235251666], "rightEye": [1210.8664389616883, 171.10523016815637, 1765.7661976263721], "rightHip": [2018.7826037381537, 105.77085616448585, 1300.0072579368091], "leftKnee": [1586.5334707598545, 306.61886384771924, 624.28496089247528], "rightKnee": [1942.9042687837539, 43.84127857833596, 623.96320718831066], "rightElbow": [1500.3052136444567, 0.0, 1361.9221496692419], "leftWrist": [1557.6891189818853, 285.88604310874143, 886.14521433558548], "rightAnkle": [1865.9207565832626, 14.185333120856285, 40.335898803828968], "leftHip": [1924.0704624381567, 306.59349737311686, 1322.9625823742265]}