{"rightShoulder": [395.39988144455242, 89.155959311162405, 2172.9289332289641], "leftAnkle": [211.16507516111369, 595.87651614178003, 31.445658286721482], "rightEar": [566.3261148771885, 248.74811527237352, 2423.0055477869651], "leftEar": [623.555479769577, 540.91741397130363, 2420.1985708748784], "leftEye": [799.43039997264077, 454.04392631322935, 2438.0524569856516], "nose": [778.89856859496604, 360.55774638253888, 2371.0378731456713], "leftShoulder": [727.33426746412943, 673.609823382782, 2156.1031109405399], "rightWrist": [0.0, 93.371392038545764, 2079.9759963217411], "leftElbow": [905.45036440600688, 878.77684216926082, 1954.2297505775778], "rightEye": [715.65486875303986, 312.63912785749017, 2416.7774368464252], "rightHip": [382.3668474130593, 225.90257174124508, 1182.4917201179476], "leftKnee": [320.88290939627905, 563.78091181298623, 570.72875121595371], "rightKnee": [675.60023825085113, 239.07636756748525, 613.3793356335118], "rightElbow": [9.6571448656370649, 0.0, 1801.6449226349707], "leftWrist": [1372.6988482642264, 769.02142357733464, 2114.7089691755837], "rightAnkle": [163.58938396765552, 246.5957525231031, 0.0], "leftHip": [654.35957069248525, 560.81318397373525, 1170.8202213035022]}