{"rightShoulder": [432.24188731152708, 114.69105856335113, 889.25665354450393], "leftAnkle": [2693.7357239482003, 658.40108599829773, 9.7570905277239035], "rightEar": [528.12293287937723, 260.38657815539887, 1116.1368973431422], "leftEar": [478.70261581955265, 488.2332426434823, 1080.8648163910507], "leftEye": [624.48539336089516, 414.48435600072935, 1136.0607957654427], "nose": [674.35432879377413, 357.5938487962062, 1078.7979161600197], "leftShoulder": [356.17521887159546, 610.05419731882284, 868.41122020914418], "rightWrist": [162.38405125243162, 0.0, 82.498381262159455], "leftElbow": [239.11191710238336, 668.01717534046702, 486.76218613205265], "rightEye": [648.01750972762625, 306.3769037268969, 1139.5999494619407], "rightHip": [584.80995789761641, 206.31154623662451, 242.4899607855059], "leftKnee": [933.50852307271407, 624.30704720938729, 211.64541281614811], "rightKnee": [1040.6333957776017, 133.29471668287943, 52.542212579036914], "rightElbow": [422.79025945403669, 11.124730210359985, 450.39178015564221], "leftWrist": [0.0, 809.50480301556399, 100.56281158803495], "rightAnkle": [1696.3645561010455, 239.63821779243676, 0.0], "leftHip": [552.95158985894932, 565.63140275413434, 264.75378465466929]}