{"rightShoulder": [339.94571908438729, 7.7404623662450831, 2039.0965447926797], "leftAnkle": [307.98333573990749, 383.50634765625, 0.0], "rightEar": [278.1530866214739, 74.595252842290847, 2430.3084037572953], "leftEar": [282.38360096972292, 347.98099122993654, 2414.2272065752672], "leftEye": [534.20214273771899, 275.68807947774803, 2420.7154156280394], "nose": [521.7858991214739, 207.48109002614297, 2338.1146947957195], "leftShoulder": [420.17671031432383, 521.03971797482973, 2197.7948154790856], "rightWrist": [392.16726767692126, 46.97493996230537, 1978.7317588004619], "leftElbow": [472.61813936344834, 644.77938997142519, 1589.5658533712303], "rightEye": [544.62677453185802, 150.06344426374017, 2379.4309148528691], "rightHip": [110.0364633998056, 147.2917774957441, 1387.7588042619163], "leftKnee": [448.83968985590946, 476.16255965770915, 615.39740013983464], "rightKnee": [514.79233607429478, 8.2395921996594552, 1374.8266734557392], "rightElbow": [447.6155649623056, 34.863799930082678, 1573.2885951179474], "leftWrist": [587.2729302194798, 636.96208315600688, 1148.8024911843381], "rightAnkle": [377.94781280398843, 0.0, 701.07680645063192], "leftHip": [0.0, 500.90671168227118, 1361.9788082137643]}