{"rightShoulder": [201.59584641280881, 394.03089652465462, 1709.2930170268955], "leftAnkle": [0.0, 719.18792007763727, 5.843403152591236], "rightEar": [214.67792021334822, 486.26602248167546, 2022.9061545899629], "leftEar": [223.07036516476592, 622.44282458096473, 1967.8990103659457], "leftEye": [253.06967938025014, 584.59293310017881, 1960.6991334179245], "nose": [237.90843802630252, 552.63436930226067, 1989.9735891966507], "leftShoulder": [36.867122260964038, 760.80313288998991, 1693.9548388879334], "rightWrist": [231.56966527202729, 0.0, 1938.6070632715707], "leftElbow": [56.304442191159438, 1045.2129861580468, 1504.0415804310903], "rightEye": [265.29753026345315, 527.83670980359159, 1991.9508194022519], "rightHip": [178.35159651171807, 462.29774383639801, 1023.6420147790473], "leftKnee": [70.412476789184097, 719.6480846908089, 502.81931055588029], "rightKnee": [142.74831250702891, 506.42875928943488, 482.35042196818176], "rightElbow": [224.31347968099007, 137.07968441575622, 1572.4562262005272], "leftWrist": [170.60608241169967, 1091.5923296644828, 1932.1559053616568], "rightAnkle": [21.784596915806873, 518.34939754494837, 0.0], "leftHip": [50.328343312634217, 709.46988505316426, 1018.8400751771815]}