{"rightShoulder": [124.03298136647254, 165.33688951172326, 1583.8492562975584], "leftAnkle": [702.14600865931834, 572.33379458873389, 0.0], "rightEar": [369.83527854997465, 334.46839591554249, 1890.2158586932376], "leftEar": [474.91184480739139, 431.26378814142265, 1855.1458181269354], "leftEye": [476.75581823668813, 382.47242153584517, 1854.5026437139861], "nose": [437.10059053998793, 369.57033450642228, 1873.7173741874253], "leftShoulder": [144.77212265737268, 621.58213476498247, 1584.9523458586116], "rightWrist": [463.04044038782553, 104.69003732149474, 961.61865533021773], "leftElbow": [331.40841095358184, 693.45612891645476, 1178.7505209140691], "rightEye": [441.82878401013909, 333.85286825468711, 1882.1377376319567], "rightHip": [0.0, 153.42126295572223, 901.08344604250851], "leftKnee": [756.45433205466907, 509.11795388705229, 689.58323782983825], "rightKnee": [652.8348167736865, 117.04706794741048, 735.78369071472298], "rightElbow": [188.64453861266574, 0.0, 1232.7984243204446], "leftWrist": [586.04808564634504, 694.86530510045202, 853.17914700917481], "rightAnkle": [663.00093054726995, 147.34063046741608, 35.179411653263742], "leftHip": [118.94667974516233, 518.55520414742216, 854.83035635320721]}