{"rightShoulder": [375.25370865758782, 256.14182005410976, 2187.3942424610891], "leftAnkle": [0.0, 498.80055135882776, 0.0], "rightEar": [503.77425446862867, 355.23644782040355, 2544.9178300553253], "leftEar": [402.13597967838041, 663.67163370926528, 2552.3826937545596], "leftEye": [610.87435022495151, 541.24525968202806, 2574.4764304550699], "nose": [658.68189141536982, 482.84491465527708, 2511.2904237977259], "leftShoulder": [242.85814384727632, 713.64614048820522, 2219.0608584630345], "rightWrist": [486.6278878891053, 23.499798607733283, 1213.4190973066629], "leftElbow": [246.61681891415378, 768.56119475012156, 1700.824047756566], "rightEye": [634.30257098127481, 422.45020481213533, 2575.8447284624267], "rightHip": [422.28897510335628, 363.86576825449902, 1268.1026606578303], "leftKnee": [100.03986236928517, 476.06584577152216, 684.39797011794735], "rightKnee": [593.36195510092443, 70.514238053258623, 630.71865120379334], "rightElbow": [391.78627720695545, 108.6806735621351, 1697.9199978720815], "leftWrist": [472.2902936527239, 771.80494019029675, 1169.6364337609434], "rightAnkle": [597.24080435311294, 0.0, 33.243483250243116], "leftHip": [162.4433004772618, 567.12412413363336, 1236.5760882782097]}