{"rightShoulder": [41.495356578307337, 130.88003670659054, 2017.3988787580558], "leftAnkle": [106.45635582593627, 469.47149729450371, 0.0], "rightEar": [112.27749479419981, 242.0951160475438, 2429.9705297566575], "leftEar": [0.94913230331940213, 509.98482908256324, 2386.0128083581594], "leftEye": [201.68948637372318, 389.33732444674138, 2401.2803252105123], "nose": [233.3655450130716, 334.51231722701846, 2360.2157177164399], "leftShoulder": [42.253546213825302, 618.21393558487375, 2000.0343768049308], "rightWrist": [92.66419169503888, 8.5723520716803705, 1225.2565376489545], "leftElbow": [172.33585105331963, 695.33363668835113, 1502.6565729875974], "rightEye": [202.80878089281373, 295.88490051982012, 2416.2147611031737], "rightHip": [57.797918059946369, 128.45359238205265, 1169.893257348918], "leftKnee": [154.59338236411736, 497.89203094601157, 638.31516369771407], "rightKnee": [255.5379310934461, 58.70632067728593, 637.38728682818601], "rightElbow": [0.0, 19.350400694613427, 1560.5403440007906], "leftWrist": [214.63558924337326, 613.87141483767005, 1206.9075172513378], "rightAnkle": [110.05980495348967, 0.0, 21.758201985043797], "leftHip": [141.74061341044512, 475.57453793774334, 1165.8903485606154]}