{"rightShoulder": [969.54240922148597, 145.33501176054824, 1122.9907483052652], "leftAnkle": [0.0, 640.86898673090968, 271.91156599586566], "rightEar": [1211.8448947060431, 296.84469046388608, 1129.9334393809277], "leftEar": [1268.4681087746233, 454.67632652906127, 1080.8903970087549], "leftEye": [1336.3372826483462, 391.56162698352387, 1000.0878065532283], "nose": [1324.7539138497084, 377.40678435448058, 956.33184505714962], "leftShoulder": [874.74064000942349, 656.5564458824781, 1116.3092815235896], "rightWrist": [1121.9334968537207, 111.34153611001329, 259.7239358508632], "leftElbow": [977.97653590102141, 640.92471824081963, 477.82412090375692], "rightEye": [1289.8497908180327, 351.23040795233442, 1046.386415236655], "rightHip": [361.07264751033563, 344.33095684125715, 473.49573181389815], "leftKnee": [836.93710576513854, 662.60125566178272, 169.34938993342621], "rightKnee": [866.84570882478124, 291.0569868867035, 108.84006984131793], "rightElbow": [882.66961408681914, 0.0, 550.01591853872787], "leftWrist": [1106.7569556329038, 456.76337548638116, 171.95229853173623], "rightAnkle": [872.12070996473744, 222.7147815273895, 0.0], "leftHip": [161.50209134469242, 642.75644550249285, 379.74654688259943]}