{"rightShoulder": [179.17120614074602, 394.03089652465462, 1728.3989101125653], "leftAnkle": [262.4101726206523, 719.18792007763727, 0.0], "rightEar": [161.34090442084289, 486.26602248167546, 2042.0120476756326], "leftEar": [169.73334937226059, 622.44282458096473, 1987.0049034516155], "leftEye": [199.73266358774481, 584.59293310017881, 1979.8050265035943], "nose": [184.57142223379719, 552.63436930226067, 2009.0794822823204], "leftShoulder": [381.099312652246, 760.80313288998991, 1789.5325289011416], "rightWrist": [551.82767511280542, 0.0, 1957.7129563572405], "leftElbow": [449.93089797499363, 1045.2129861580468, 2034.6701759148568], "rightEye": [211.96051447094783, 527.83670980359159, 2011.0567124879217], "rightHip": [220.36708379406087, 462.29774383639801, 1042.747907864717], "leftKnee": [364.12405046902813, 719.6480846908089, 525.95023789039533], "rightKnee": [270.88832544612296, 506.42875928943488, 501.45631505385154], "rightElbow": [299.54695676108702, 137.07968441575622, 1591.562119286197], "leftWrist": [543.49263369034463, 1091.5923296644828, 2223.9236533073872], "rightAnkle": [238.65378387778603, 518.34939754494837, 19.105893085669777], "leftHip": [334.38968802576312, 709.46988505316426, 1093.7163986903779]}