{"rightShoulder": [0.0, 350.7185882606193, 1326.7946205845733], "leftAnkle": [0.0, 569.2319104124274, 0.0], "rightEar": [104.26697349385213, 438.64566657302635, 1577.9166897899431], "leftEar": [104.26697349385213, 639.46742367203615, 1566.5766736402168], "leftEye": [214.880482621037, 575.56538515880834, 1601.8992487244914], "nose": [247.39496701068984, 533.6190933958917, 1564.8766804681131], "leftShoulder": [0.0, 715.19510585892272, 1310.1997742512674], "rightWrist": [0.0, 0.0, 911.84067733715483], "leftElbow": [0.0, 964.76385301409414, 1045.098796055242], "rightEye": [214.880482621037, 491.76132542231494, 1610.0], "rightHip": [0.0, 380.93323515748375, 699.73226902550937], "leftKnee": [0.0, 587.92296313741031, 352.51940752214568], "rightKnee": [0.0, 365.22540774761183, 347.94954829870176], "rightElbow": [0.0, 127.82327257243037, 1087.6491868217136], "leftWrist": [0.0, 1022.4499647635068, 905.61406439310645], "rightAnkle": [0.0, 395.85331957757012, 23.969102263143668], "scaleBenchmark": 84.194670850033063, "leftHip": [0.0, 602.32621902584629, 668.58047050782056]}