{"rightShoulder": [193.25915430000097, 155.12968912413294, 1790.038855560158], "leftAnkle": [211.66833006596963, 498.64476700316482, 0.0], "rightEar": [372.93945874213136, 272.98193228222027, 2084.3865910234472], "leftEar": [467.83139609463228, 385.25513301925446, 2078.8558496912142], "leftEye": [475.13385233779786, 338.37580667261824, 2067.305340582282], "nose": [436.45342419347844, 317.48181970417727, 2080.5519472305373], "leftShoulder": [229.26321336072576, 544.26251761630647, 1822.9038024636025], "rightWrist": [4.9943924045692256, 0.0, 1184.8546356489264], "leftElbow": [88.764485701408091, 602.45849330987448, 1420.2541593718988], "rightEye": [444.80993834994865, 281.44012230282055, 2080.9525081557103], "rightHip": [284.23187003527266, 224.8819871018477, 1091.7134502543613], "leftKnee": [312.40570443741376, 483.23805004556698, 546.15241997437488], "rightKnee": [338.46869113848572, 188.34244755036229, 553.92857052354202], "rightElbow": [69.99563147008945, 130.23210958663935, 1481.8328253943509], "leftWrist": [0.0, 645.37107037682176, 1164.5926264279506], "rightAnkle": [300.78148366746149, 200.34420836931781, 1.5549364947601134], "leftHip": [301.18080016776781, 500.67095569130106, 1122.6768725364009]}