{"rightShoulder": [140.23646356721332, 152.9506744895607, 1685.5185835766567], "leftAnkle": [447.07728319495101, 563.28955356245569, 0.0], "rightEar": [252.20370629071527, 253.62462215550005, 1910.5452435269524], "leftEar": [236.23753309094235, 466.00432251013012, 1908.1134192442976], "leftEye": [348.61513789669817, 391.38503567051544, 1903.744917202323], "nose": [376.94797685667862, 351.76829697577023, 1869.9454812170836], "leftShoulder": [220.090597667254, 525.78339660570214, 1655.8350534434041], "rightWrist": [569.77762496504226, 276.0643833450431, 1361.3149609920108], "leftElbow": [263.00051513493247, 653.01310680091274, 1314.1795519868995], "rightEye": [356.69319021312532, 312.58752716321254, 1911.9442513964045], "rightHip": [250.60410660153462, 143.43613883324429, 1020.2939217952392], "leftKnee": [415.93837300504822, 533.79739232139968, 512.18704127090587], "rightKnee": [324.00040656622224, 118.52797219144611, 567.92643514506472], "rightElbow": [220.58945036000961, 0.0, 1344.8979235239897], "leftWrist": [572.38947780139574, 463.29329318926852, 1355.0320308629896], "rightAnkle": [0.0, 13.555379344155085, 136.39707222485958], "leftHip": [178.98446384491993, 462.27717169038056, 1001.8145399381513]}