{"rightShoulder": [102.44789450085113, 178.98951430265083, 2031.4197603812011], "leftAnkle": [0.0, 782.58482794260681, 0.0], "rightEar": [170.83442705800098, 296.06897495136195, 2288.5156724981757], "leftEar": [131.93521628769486, 516.73559095330756, 2285.758129787816], "leftEye": [288.00820768482504, 452.5338491001944, 2351.4248236867702], "nose": [346.7380741579525, 416.42294275899803, 2294.0980267357731], "leftShoulder": [97.54576924246112, 612.9608805021885, 2067.8425929444306], "rightWrist": [450.72752576301059, 251.31510290004871, 1844.4627215314929], "leftElbow": [315.72331932453812, 836.06353736016536, 1615.8421065631078], "rightEye": [271.83771773163903, 366.484823382782, 2337.3695909077087], "rightHip": [168.89775542619168, 243.053486746109, 1221.3766871352136], "leftKnee": [153.74683092169289, 689.55875714372542, 576.40542543166339], "rightKnee": [178.01998153270915, 140.13889986624508, 585.97052453185779], "rightElbow": [280.82540620440182, 32.74997910080242, 1611.2034308882539], "leftWrist": [457.35158909897882, 634.17665141658563, 1897.7781664184092], "rightAnkle": [51.24686892023351, 0.0, 22.302365789153555], "leftHip": [164.72337822227655, 579.39278331712057, 1228.3391293774316]}