{"rightShoulder": [149.14321497646833, 457.31722952795087, 1409.642502844699], "leftAnkle": [117.852926627481, 723.12095579076663, 8.1046503265447427], "rightEar": [136.45040081995194, 550.20643264029729, 1641.1243319241673], "leftEar": [195.79142796923816, 684.81231607317318, 1640.6353328893256], "leftEye": [216.6278103568543, 642.10677571004771, 1629.3884062929706], "nose": [184.85980531164364, 610.91255394388304, 1640.6098671786874], "leftShoulder": [224.80419299239907, 726.99873377005611, 1436.6948188665278], "rightWrist": [68.963990140815568, 0.0, 1619.724144992251], "leftElbow": [170.53879623980572, 939.7307736190678, 1580.4052874289744], "rightEye": [203.05692829602617, 578.70571615998767, 1641.3714737215448], "rightHip": [132.86509444797747, 550.53698825373976, 890.98743186880347], "leftKnee": [176.99324955402918, 683.06075831968451, 463.43600094992598], "rightKnee": [108.70543318900192, 500.91887558724648, 449.70292081364369], "rightElbow": [104.43749091610424, 223.92063459208032, 1383.2355581544266], "leftWrist": [237.15144063772868, 1288.731901753132, 1596.5915093738477], "rightAnkle": [70.944226555601148, 548.07686270779277, 0.0], "leftHip": [165.53973529059698, 690.44705494680716, 869.03352161631983]}