{"rightShoulder": [0.0, 339.07932956205241, 2571.5982030355531], "leftAnkle": [121.04892526060175, 664.85151534285001, 369.62365799841427], "rightEar": [199.56797766462554, 390.87608464190458, 2979.0036728139526], "leftEar": [207.89836618024879, 619.42504493089223, 2966.4453745654364], "leftEye": [308.75252256431554, 536.22813685325434, 2988.396742534017], "nose": [322.14870783696955, 495.45081917614675, 2949.4592943919461], "leftShoulder": [120.71289054935718, 870.11386973677145, 2624.1947565173514], "rightWrist": [247.65560800097035, 102.81844286902651, 1487.1655402582082], "leftElbow": [186.88000067040628, 812.59143940512149, 2158.6084406231757], "rightEye": [306.02029863895297, 449.06246021927467, 2996.9982520804351], "rightHip": [39.99250205063322, 408.77854100381273, 1440.6748629815688], "leftKnee": [114.02053999922828, 700.45511921774801, 772.79113849230953], "rightKnee": [198.57775957569203, 197.82897891404355, 740.79112968491245], "rightElbow": [12.752256417113927, 225.94646833214233, 1934.9176211542608], "leftWrist": [247.65955637357396, 547.70894072047622, 2566.0247930786791], "rightAnkle": [152.44737129914898, 0.0, 0.0], "leftHip": [134.09039997094416, 756.4060972530865, 1515.5513780000579]}