{"rightShoulder": [0.0, 102.26839667763261, 1420.7144261918738], "leftAnkle": [45.089665318213093, 434.98240773048474, 32.960135408309725], "rightEar": [67.885383016205054, 200.06761871096546, 1650.2528371991409], "leftEar": [60.475732508773859, 391.48250313013955, 1591.4932108742798], "leftEye": [167.37674644249788, 332.21422200721872, 1623.7512066751356], "nose": [220.68262353145079, 311.12698504218815, 1586.2550619688382], "leftShoulder": [107.02066155207122, 477.45319472758524, 1390.7119980125813], "rightWrist": [418.52869380059246, 0.0, 906.46031341941693], "leftElbow": [211.11359049372706, 585.86157286886487, 1067.4891158517225], "rightEye": [168.93284947795397, 271.35754787234998, 1637.6157215459561], "rightHip": [31.659169770072452, 195.28131797165588, 796.45518025285264], "leftKnee": [108.38829552009942, 413.92462224601491, 398.77545747040676], "rightKnee": [91.141877977972683, 204.57748119371581, 400.66292523500579], "rightElbow": [168.81854509609929, 1.9296487347360198, 1098.6085931737969], "leftWrist": [421.26052753377053, 545.97226124413646, 982.40300671029195], "rightAnkle": [8.5426543165897044, 164.7950031411392, 0.0], "leftHip": [156.66721546357616, 396.55263232907396, 787.35708094897473]}