{"rightShoulder": [156.82960534907349, 318.57259494428376, 1661.8393833872851], "leftAnkle": [0.0, 688.2256206736472, 94.074360527431963], "rightEar": [93.577729533982165, 562.74123449541662, 1880.1829832776975], "leftEar": [30.693199879018835, 775.57493779073161, 1823.5342043978922], "leftEye": [137.96405188582895, 738.869421236476, 1892.242415650486], "nose": [177.09463810542627, 703.1964597989795, 1868.6922706614414], "leftShoulder": [145.01498435825729, 762.57501789485673, 1592.9669211427836], "rightWrist": [32.661282116237828, 137.06396735623002, 994.39842932877491], "leftElbow": [169.32862215389852, 955.49682500142671, 1241.5736857689799], "rightEye": [160.95448692975418, 658.17494469981341, 1917.5237832970358], "rightHip": [159.145311541464, 189.74996753443861, 934.97841056199468], "leftKnee": [109.63684932143522, 571.23657612543411, 497.38804738826411], "rightKnee": [33.538342327500942, 285.99669037073545, 474.54056502363892], "rightElbow": [75.083997781264713, 0.0, 1331.6390352153555], "leftWrist": [31.500383330947841, 1306.5136721519361, 882.91294497484023], "rightAnkle": [51.312787388601308, 339.37956386343808, 0.0], "leftHip": [203.56737472516488, 493.69077732326468, 900.28653805185286]}