{"rightShoulder": [150.78006064567126, 54.618209660749017, 968.1565121899323], "leftAnkle": [399.91598902602118, 607.56177992765083, 0.0], "rightEar": [35.938904046084417, 151.86390252614297, 1227.4919253100682], "leftEar": [0.0, 435.66912580556914, 1204.1261855544749], "leftEye": [250.93279578064175, 343.95491663120106, 1287.9021955556909], "nose": [247.99116153939667, 304.68692432210605, 1213.6888907465955], "leftShoulder": [328.82027070160484, 567.51935835663903, 1046.6508428076363], "rightWrist": [449.30111563715946, 0.11203489785975762, 636.84490135578835], "leftElbow": [694.98706339676551, 891.49986510517988, 869.86527997324902], "rightEye": [246.79588323808366, 243.72102801252436, 1271.5528806693826], "rightHip": [356.83976775291831, 189.67185030094856, 414.81615165977655], "leftKnee": [945.17080534107458, 585.93234169807852, 413.66803334751967], "rightKnee": [569.52293971911467, 169.00212981821483, 404.19198762767519], "rightElbow": [350.92083004012648, 0.0, 649.6369885396407], "leftWrist": [703.80382683304947, 550.14461294686294, 801.34780064445522], "rightAnkle": [648.08346189506301, 107.03797384180439, 59.325111715710591], "leftHip": [275.15040772434304, 524.00816398650272, 370.52526142996112]}