{"rightShoulder": [356.85508876459153, 152.32269500851157, 1835.88139895428], "leftAnkle": [325.20080138922663, 684.90488015260212, 6.690254894212103], "rightEar": [638.93861335724705, 0.0, 2065.1865519364055], "leftEar": [683.55184330921679, 238.61721599890552, 2042.0114869589008], "leftEye": [834.80912952942595, 245.15569712123056, 2016.2968446011673], "nose": [855.0778704097761, 208.45181975012156, 1941.757369816999], "leftShoulder": [585.12894614846778, 406.15044382295719, 1809.9290415248054], "rightWrist": [456.82756262159546, 322.45235552954773, 1418.5893478690418], "leftElbow": [622.66315053501921, 682.9199712731031, 1364.1238695434095], "rightEye": [799.7338278210118, 128.38792330374508, 2000.8027533742704], "rightHip": [0.0, 535.11601714494168, 1161.1438054778696], "leftKnee": [458.12218810797663, 674.9796175826848, 571.59989436405658], "rightKnee": [164.93380274197489, 669.32999452821014, 574.23606593506793], "rightElbow": [169.30005167801573, 223.81963232611861, 1312.3619513010699], "leftWrist": [784.01818040187231, 611.5271689567121, 1393.2413325328307], "rightAnkle": [44.700487901264523, 635.3251288150534, 0.0], "leftHip": [245.34314012341929, 755.59315532283563, 1104.1309695707682]}