{"rightShoulder": [4.6634463638518469, 136.30432012140534, 1260.0163572610672], "leftAnkle": [33.829423984737971, 537.6319165279217, 3.2175306540616475], "rightEar": [5.9086264389844132, 183.58139940534716, 1398.7139928514255], "leftEar": [21.700995971917735, 385.67810343924833, 1464.0859506152738], "leftEye": [121.84518929940435, 298.9075262350749, 1438.4372603004911], "nose": [146.37701233999331, 267.79040723565197, 1394.3401834728693], "leftShoulder": [42.103808459736101, 440.95870614270279, 1258.9661398755725], "rightWrist": [281.45398589183196, 138.10170712488275, 1005.7355150539152], "leftElbow": [149.63929686198568, 504.84108738974908, 968.9890529778545], "rightEye": [117.58511731813718, 221.2919746432853, 1421.1395929656076], "rightHip": [0.0, 157.37821980950935, 730.03054496476489], "leftKnee": [87.601464973052771, 434.57286194228993, 343.17156894968457], "rightKnee": [39.604919795216901, 142.64443422957891, 382.654629609312], "rightElbow": [125.71273969736265, 0.0, 1011.3877707061511], "leftWrist": [297.94300903899239, 324.23515216077874, 988.84572885548369], "rightAnkle": [22.01591912734493, 127.74133477345976, 0.0], "leftHip": [62.424338127144395, 367.47709770365486, 734.16126366677872]}