{"rightShoulder": [285.95863835543929, 54.652995164313779, 360.4183649108943], "leftAnkle": [0.0, 260.6400615551961, 16.411541676285196], "rightEar": [359.73728917756216, -6.855416618234301, 452.85154861226169], "leftEar": [294.2700889927014, 176.31745187697459, 500.90360924318281], "leftEye": [392.26891251909592, 154.9187673324941, 423.96557503629515], "nose": [399.52118905087605, 163.08630992541589, 356.3427630866513], "leftShoulder": [276.26709002674642, 252.00366531112468, 346.21160134494812], "rightWrist": [331.91375930724689, 0.81595125616968289, 8.7153309195928159], "leftElbow": [299.77396422632972, 289.61308214121163, 119.90105307580961], "rightEye": [408.89275761210433, 97.39314325682426, 406.2841903324271], "rightHip": [15.88128920519938, 102.83214853496293, 268.17640562593988], "leftKnee": [300.11842460437504, 231.88594887497811, 128.85518535687243], "rightKnee": [322.257204286123, 54.669612990739324, 122.43071768210621], "rightElbow": [320.81624699088366, 0.0, 168.80052530728585], "leftWrist": [316.5632418802092, 301.748729248789, 0.0], "rightAnkle": [11.683770058238792, 42.307028691039022, 14.093274996535683], "leftHip": [8.7972216507760095, 233.08147365685659, 268.94557929859002]}