{"rightShoulder": [306.40802453185779, 850.22942853994402, 2179.2864947486014], "leftAnkle": [28.971554292314977, 1380.0656814278332, 0.0], "rightEar": [540.1688389165854, 961.24775333627178, 2475.9856660004252], "leftEar": [208.85244026629357, 1269.784560622872, 2492.3717872233701], "leftEye": [423.05167421570991, 1187.9665280353233, 2503.5856306617825], "nose": [495.94210542315159, 1109.0946781143602, 2422.1943121884115], "leftShoulder": [0.0, 1342.9778212016658, 2165.1544773680689], "rightWrist": [253.0650497020913, 0.0, 2377.6281225300945], "leftElbow": [38.092104663180635, 1757.2323620272982, 1884.1509644029666], "rightEye": [497.9198325784289, 1053.4320063609557, 2504.9717034365876], "rightHip": [235.25162063776747, 931.7843706301677, 1490.6341908970694], "leftKnee": [93.50509180447466, 1334.9151388086698, 601.80359314202315], "rightKnee": [140.86916152419735, 956.15435482277474, 817.15148403301328], "rightElbow": [347.20979374392005, 446.59079276355794, 1836.7628957548027], "leftWrist": [129.55878374270424, 2224.6960582213642, 2344.0088555599459], "rightAnkle": [43.858311040855824, 909.92643387493911, 290.78424333505563], "leftHip": [35.680002887888804, 1315.1912514059459, 1261.2982163484917]}