{"rightShoulder": [298.86235462595818, 54.477558245170712, 922.94977643464199], "leftAnkle": [466.87737248677797, 407.19033907912126, 16.754902186708023], "rightEar": [422.45301735424346, 209.74094344470245, 1166.5192329459824], "leftEar": [493.45492589379683, 316.92672484813102, 1238.0054394938938], "leftEye": [510.06490434335592, 287.25010984422079, 1202.9651982791397], "nose": [476.01667833494412, 257.05374889467566, 1196.8738198108663], "leftShoulder": [130.02734318146787, 417.213237077553, 956.19043049374818], "rightWrist": [515.15237354353087, 65.193842936003193, 575.3830197570619], "leftElbow": [341.20926098585971, 512.03264988940487, 760.12623135782906], "rightEye": [491.30047939447331, 229.25052896628631, 1177.8374830766265], "rightHip": [111.08869346106394, 170.4639315758825, 381.96797390666552], "leftKnee": [405.8947580705501, 372.48145825062034, 451.53418140587974], "rightKnee": [539.22096332805756, 82.729635179357956, 497.44969039804755], "rightElbow": [387.24872078066949, 0.0, 548.13523944523695], "leftWrist": [486.70182776463673, 464.04273567872906, 812.87172469655161], "rightAnkle": [435.5284437727617, 118.53164403878145, 0.0], "leftHip": [0.0, 351.10378136726854, 465.51819291161246]}