{"rightShoulder": [711.07052413494523, 129.42696345180229, 997.91757120557668], "leftAnkle": [306.9804672261298, 398.08379046786695, 10.808680250599537], "rightEar": [463.66747655527706, 285.68565313468366, 1275.5576039460864], "leftEar": [614.07938196890177, 305.43220346531234, 1305.7188069062581], "leftEye": [598.9080313617842, 290.98537992184515, 1205.6961210845284], "nose": [559.76390862378003, 302.4184077080572, 1189.7152628436752], "leftShoulder": [688.03556599937883, 434.45293277852807, 999.03662663893465], "rightWrist": [246.38952455570535, 175.22452208116988, 989.92357180016643], "leftElbow": [491.63359675417621, 602.82117773888194, 852.2502560496132], "rightEye": [534.30150489147195, 267.38842001461285, 1191.227794557044], "rightHip": [676.63508922612243, 182.71273264027059, 469.92874202419853], "leftKnee": [239.50101048360722, 401.55595221668636, 466.00640972644032], "rightKnee": [225.50036238090917, 166.71721612144347, 408.21753344200806], "rightElbow": [478.22391695206613, 0.0, 787.35631747685875], "leftWrist": [257.10327781537416, 481.26187797234525, 1010.1725820253823], "rightAnkle": [303.51212804070366, 125.00820758804798, 0.0], "leftHip": [613.83368556419271, 392.44780300093953, 512.18335777258289]}