{"rightShoulder": [242.1461942777737, 700.80587170572494, 1970.9958418886451], "leftAnkle": [68.846181880321552, 1275.5592004815715, 14.255622626599234], "rightEar": [66.508927350663953, 919.07389295850237, 2186.0504902323205], "leftEar": [109.11003647841568, 1136.2683319720529, 2160.1477550048412], "leftEye": [187.89393063945906, 1050.1395330740813, 2190.2071154702057], "nose": [209.85158243207675, 1010.5082605338423, 2170.8256116601642], "leftShoulder": [174.23067617670617, 1205.1795540541775, 1962.9140607444119], "rightWrist": [548.54985612529174, 0.0, 2470.1715381782133], "leftElbow": [308.11978691700756, 1510.3819283530527, 2164.1361961225866], "rightEye": [172.89910682948008, 971.93632867312544, 2218.5973230423497], "rightHip": [210.73331928568371, 819.82498494016613, 1144.6065996432844], "leftKnee": [158.31711469541949, 1205.6515673626834, 534.1512406127672], "rightKnee": [174.90449990110923, 721.24206984316629, 509.89137693116527], "rightElbow": [423.89878026243173, 293.97816928812745, 2205.8223576511446], "leftWrist": [368.01623451402668, 1817.7850673333162, 2417.694359064481], "rightAnkle": [68.601547252083463, 752.95187340338043, 0.0], "leftHip": [208.53823644082161, 1149.9337948735565, 1066.849930239373]}