{"rightShoulder": [204.98640125636922, 293.85677758951147, 791.14825548953104], "leftAnkle": [909.54881895883318, 829.17286831526167, 0.0], "rightEar": [214.57682941419711, 386.41054565608857, 922.39730058731698], "leftEar": [227.80583288163831, 583.08301921148336, 962.43360540520393], "leftEye": [336.64271474799324, 507.57492057444557, 966.85666136105056], "nose": [361.99063256905237, 475.36701500261938, 916.78184205138086], "leftShoulder": [135.17620050089016, 649.5338450333395, 781.7619679050963], "rightWrist": [0.0, 155.32418550468287, 178.50218843097491], "leftElbow": [67.997955885275985, 708.61133195394427, 413.93954521884939], "rightEye": [331.4761180192391, 424.62616455938689, 953.38251005782945], "rightHip": [274.97589939883676, 316.92131286591234, 261.40233178061521], "leftKnee": [711.31351161897976, 614.29689803006954, 549.73773652610566], "rightKnee": [711.37695175203703, 0.0, 513.39594453242171], "rightElbow": [41.710461431159956, 254.61639589551874, 384.60823480600448], "leftWrist": [2.4867298814446031, 799.91455645163319, 178.68534001802686], "rightAnkle": [908.10449602676158, 297.69964630555796, 3.6545525009078119], "leftHip": [322.12093708857105, 644.64332765583299, 230.29616223818971]}