{"rightShoulder": [75.31604224673859, 140.38675605257953, 1654.4177313490304], "leftAnkle": [0.0, 479.61431574790851, 25.878283703356374], "rightEar": [153.81935438073396, 251.87506089563118, 1849.167631578197], "leftEar": [140.2531963125171, 459.99522467350346, 1892.3871452618234], "leftEye": [249.05366964477736, 380.59169980669236, 1900.9536545756512], "nose": [285.43581297679714, 347.66603678980613, 1867.6838787614524], "leftShoulder": [179.81969317279788, 553.8420845343046, 1643.8573080413787], "rightWrist": [414.00089612368959, 79.166495799945608, 1323.5497363385371], "leftElbow": [321.05367908997312, 608.03799879303301, 1341.4234123951892], "rightEye": [254.13524287426839, 301.59122248958192, 1892.3145831791599], "rightHip": [81.082746857117485, 216.37831874870329, 994.46428492266796], "leftKnee": [139.44911857921761, 460.45713857469144, 512.47822781405694], "rightKnee": [93.594769661684836, 221.71587990394613, 552.5357232692977], "rightElbow": [94.880769115299955, 0.0, 1317.1947844351403], "leftWrist": [446.20408636620095, 383.98999283159065, 1270.4693614814732], "rightAnkle": [4.6851954603328636, 188.46266057084409, 0.0], "leftHip": [181.29613397782808, 443.34811650942225, 969.95908899808728]}