{"rightShoulder": [269.80658583122556, 113.91862240919545, 623.11950157703473], "leftAnkle": [197.07977610455515, 393.52950062842524, 15.493009241498157], "rightEar": [337.78625604817364, 132.17936785918732, 800.9517995289782], "leftEar": [303.75945968891187, 340.05937218844633, 830.27601030773917], "leftEye": [448.98119599994925, 313.03379217738188, 786.4405495966837], "nose": [476.59832738372018, 287.04915979264274, 732.33628078075549], "leftShoulder": [269.09988441370052, 414.96905908181475, 633.56829087655296], "rightWrist": [516.38127239319954, 177.78876464816358, 249.53110828195304], "leftElbow": [319.15368360109358, 451.95291330010969, 401.96618971865837], "rightEye": [459.53670711816517, 236.12102694785347, 771.88383640298116], "rightHip": [3.3508688350530065, 157.93472122737376, 323.40878535430761], "leftKnee": [348.11662790254638, 531.93715801656072, 317.15126960201542], "rightKnee": [373.75031537553519, 0.0, 334.63963814613999], "rightElbow": [320.97732263375133, 65.249391384849332, 364.56353288563628], "leftWrist": [486.16494368890125, 410.16637850881034, 262.21198114279696], "rightAnkle": [195.19852371754507, 46.744698634504175, 0.0], "leftHip": [0.0, 327.85139646002426, 320.61075836655664]}