{"rightShoulder": [176.65479875820705, 99.751172609202968, 1058.1848803256867], "leftAnkle": [655.16230277982652, 479.9668444319002, 73.027331714405136], "rightEar": [372.56942663987894, 259.5217368386393, 1267.2694683207803], "leftEar": [395.01935120807474, 487.44321270525427, 1270.3573806517159], "leftEye": [491.1279869558287, 396.87006473656641, 1281.9670288402051], "nose": [500.32854691907386, 358.28163207855869, 1239.7218534236372], "leftShoulder": [494.67523842393092, 546.49737738611429, 1020.4114382743951], "rightWrist": [592.35875937766775, 26.936143252448119, 609.92249009905868], "leftElbow": [683.0948806488542, 730.62140635657397, 630.59034125136668], "rightEye": [483.16075982982022, 309.64013069345111, 1284.5685852726676], "rightHip": [209.79476351728874, 193.6473928105072, 502.7503535687099], "leftKnee": [837.03246059825256, 492.27743493881303, 544.26542970203423], "rightKnee": [701.59915414164766, 168.7847936871251, 386.70727134147592], "rightElbow": [0.0, 0.0, 792.88656831053618], "leftWrist": [828.47502915850146, 770.860588647432, 657.0797830125141], "rightAnkle": [601.98186199879933, 220.81715531039413, 0.0], "leftHip": [483.24548606620783, 489.55927152870163, 458.80965800871445]}