{"rightShoulder": [0.0, 372.7216496328283, 2127.7469357171103], "leftAnkle": [187.22809740181131, 823.32571205385602, 0.0], "rightEar": [496.68280294400216, 483.81893695755343, 2455.7159170664272], "leftEar": [443.76354471342643, 678.77916334031465, 2523.2143008679486], "leftEye": [378.96651364532653, 601.94025143747126, 2433.1422506927206], "nose": [349.65558910166783, 550.64852276687566, 2428.1757737081589], "leftShoulder": [168.79285981845075, 823.02872085807849, 2124.3490983739662], "rightWrist": [184.80215795448291, 0.0, 1259.946883888942], "leftElbow": [155.83140314817845, 1046.7848944860243, 1654.6701166464763], "rightEye": [401.26359920110525, 532.33987784964563, 2401.5169549697553], "rightHip": [9.9323305587916479, 484.80990067108655, 1273.4460765647723], "leftKnee": [260.98101328962844, 761.78625228330884, 596.64238880474113], "rightKnee": [108.03484279133974, 537.2411190893074, 593.83352629056026], "rightElbow": [134.90825068200718, 181.6322064722774, 1653.7436428332508], "leftWrist": [392.51375040144364, 922.73154928605595, 1164.6386121193027], "rightAnkle": [102.67550166753313, 569.83421537593063, 2.0851027660128238], "leftHip": [192.76017204134351, 746.01595842569759, 1250.3276261512228]}