{"rightShoulder": [123.44721589102899, 279.91032060054113, 702.55917123983909], "leftAnkle": [322.47862913691847, 494.32371536694063, 24.363916563404018], "rightEar": [69.397943945378529, 384.91573553281222, 803.7355297452284], "leftEar": [81.294447500882342, 573.30423490741009, 870.93300804781416], "leftEye": [177.73702993462078, 491.63102637853314, 874.00701561481674], "nose": [236.06490840217739, 488.89448529601617, 838.19474258928608], "leftShoulder": [0.0, 636.90040281344955, 680.42870636412954], "rightWrist": [330.01575882914665, 0.0, 824.47447256080636], "leftElbow": [218.65914714484563, 929.75502188547762, 448.55233447014325], "rightEye": [174.0566701703973, 434.65886921232516, 848.73233904215681], "rightHip": [86.702550274138076, 350.04812910207056, 221.69804523178573], "leftKnee": [315.3936064570936, 845.58694932488038, 297.39673411385456], "rightKnee": [461.03920491307969, 164.16470760871221, 267.51857079457022], "rightElbow": [257.54495378728467, 24.562587761792429, 556.19768685863255], "leftWrist": [298.83065828543317, 972.85525267646358, 822.22984076053353], "rightAnkle": [349.29230566239841, 280.21834167008637, 0.0], "leftHip": [10.744745841717929, 537.00328694881932, 180.14808352723321]}