{"rightShoulder": [0.0, 213.65780246889699, 476.81271670407841], "leftAnkle": [777.95724904253359, 522.76413846785726, 117.80324419342469], "rightEar": [41.873125252416173, 299.11212465095809, 598.8175399501738], "leftEar": [30.697676555953052, 451.6217614839677, 575.59501373922672], "leftEye": [128.34908764998158, 423.99151250454759, 587.60290786821224], "nose": [138.78421618142431, 382.83377078643593, 576.85522492722657], "leftShoulder": [16.202794375272958, 555.33144527461513, 438.19402689284016], "rightWrist": [246.65844736478232, 0.0, 327.95816438057727], "leftElbow": [141.94283502532329, 796.67070903380886, 313.32974284666079], "rightEye": [135.13515486439485, 358.66620152259475, 612.63699041184009], "rightHip": [78.543087172586411, 246.46415508334417, 63.637352323026789], "leftKnee": [277.55322625328506, 509.43926247795162, 115.78148022329651], "rightKnee": [423.18927216394241, 196.00206792816607, 65.209995559504023], "rightElbow": [109.6814520815864, 14.770681535236463, 354.37196942810806], "leftWrist": [245.06058072381552, 790.18022259060376, 335.8884027520362], "rightAnkle": [797.84900235781231, 248.56685014844811, 33.26520237554405], "leftHip": [90.86529680060454, 506.79239047770693, 0.0]}