{"rightShoulder": [287.47628131079728, 205.67165460846309, 1147.0627184916102], "leftAnkle": [770.74791008025272, 650.65547672969342, 0.0], "rightEar": [312.40596121108911, 354.70547900960605, 1414.3569183943339], "leftEar": [202.48991138740257, 610.43566657040355, 1407.2970440935071], "leftEye": [398.28262554717867, 524.35336553076377, 1435.285540035263], "nose": [460.0191208657584, 481.77555591865257, 1392.0944111746112], "leftShoulder": [56.175686253647655, 718.85528445707678, 1129.1791479207202], "rightWrist": [940.68629734618162, 352.83344289579281, 792.16309353720862], "leftElbow": [347.19351516901725, 957.97749536417814, 756.84648589494191], "rightEye": [473.60143710481498, 434.81521879559841, 1451.7717864634001], "rightHip": [84.458991974708169, 260.63063708353616, 414.39769652845371], "leftKnee": [747.32603318032557, 934.17893702881793, 431.67381292558366], "rightKnee": [836.66823853963979, 31.5568553167559, 479.82176784411513], "rightElbow": [636.8161744589006, 0.0, 910.45494892996135], "leftWrist": [869.73600893725666, 766.7748605453553, 726.23318944552557], "rightAnkle": [785.45524341865257, 228.46058221364297, 33.777085359922239], "leftHip": [0.0, 686.45158415916831, 343.3249597215472]}