{"rightShoulder": [137.80984635911443, 94.45134512806635, 1145.4898375510352], "leftAnkle": [651.34172154918224, 550.06184975255292, 16.701469011250992], "rightEar": [243.72645567828908, 223.53340331812308, 1392.4412784858919], "leftEar": [233.21553573686356, 368.31851498009837, 1368.6267350103669], "leftEye": [271.90614337603802, 339.07112247064356, 1362.9664984002388], "nose": [258.11888566435255, 298.86880256685345, 1380.3415322046303], "leftShoulder": [0.0, 435.74294878559067, 1142.415161043062], "rightWrist": [345.46897992835193, 156.25890991595998, 920.14983868834815], "leftElbow": [104.64773937113199, 542.30653796105389, 719.64167917904297], "rightEye": [289.23663393195238, 279.4196201166892, 1385.0755341319141], "rightHip": [146.03677512958012, 120.49964488938917, 627.42712448316706], "leftKnee": [607.94354221234266, 466.03467128497664, 453.80803877436392], "rightKnee": [665.83954892548729, 170.45287331753184, 499.72113197481258], "rightElbow": [166.76532075142913, 0.0, 837.78436924623475], "leftWrist": [426.32718360488741, 500.08200183571512, 654.83565500411169], "rightAnkle": [692.07029263527613, 123.91522664174272, 0.0], "leftHip": [119.64254757883973, 414.76352703914768, 644.09268229740337]}