{"rightShoulder": [0.0, 173.97949788728124, 1182.1167771157589], "leftAnkle": [553.19878366670719, 304.61670871838533, 0.0], "rightEar": [82.109519394455447, 258.31152723735408, 1412.8765256414156], "leftEar": [146.56569947714024, 451.32503951848253, 1381.6289290491247], "leftEye": [208.96651568579773, 403.94799139713041, 1414.5339364968388], "nose": [248.49893794078321, 367.66236966500492, 1368.0607368677045], "leftShoulder": [65.559150428623752, 510.29592123662451, 1177.5767019546452], "rightWrist": [393.4620698565177, 0.0, 770.56184642509743], "leftElbow": [79.363963323808548, 633.10149030277239, 900.54752667497587], "rightEye": [210.39747993677042, 327.84807613387648, 1398.3611723309828], "rightHip": [59.301007341318154, 173.22903620500983, 671.82376276750983], "leftKnee": [692.49735910141055, 682.7077342230059, 523.57381216561316], "rightKnee": [608.49807157405166, 100.2047057392997, 535.02423926921233], "rightElbow": [68.90885479997587, 42.009091150899849, 887.27913158134743], "leftWrist": [396.1604374392025, 646.88014120257776, 752.13062378404697], "rightAnkle": [596.94338407405166, 628.87371184946505, 57.81219601167345], "leftHip": [157.0441600042559, 441.0294222701848, 666.84019333657625]}