{"rightShoulder": [52.456605719566767, 9.4153620025392684, 1254.721332201555], "leftAnkle": [75.788793218434975, 196.29203078024648, 198.46300532240866], "rightEar": [79.045327325888366, 43.195488407472681, 1479.9378586389328], "leftEar": [190.64475219804399, 138.43207687421364, 1469.1721230229095], "leftEye": [189.65065545489506, 90.980646426137355, 1457.6923631530374], "nose": [148.72970041900271, 76.704889094336295, 1472.8543218692741], "leftShoulder": [0.0, 249.57839051383871, 1314.367467774307], "rightWrist": [309.19596350097027, 82.127245234131578, 884.40108661672139], "leftElbow": [93.743016504472351, 361.32883084550417, 1117.5309599802326], "rightEye": [151.09608103246069, 39.782088700398276, 1473.1749202701953], "rightHip": [164.99580948436724, 86.104988646543916, 746.48914935072344], "leftKnee": [167.51001473098609, 165.81998180227174, 549.24993090290081], "rightKnee": [161.41375599855078, 150.88196755775834, 376.24922786163461], "rightElbow": [195.48948753481193, 0.0, 983.84563128105356], "leftWrist": [332.24470549368107, 270.98942797897189, 1179.94339287208], "rightAnkle": [115.03230322296065, 171.4606345888094, 0.0], "leftHip": [100.48483327893152, 219.89056984090075, 911.17486945135443]}