{"rightShoulder": [234.29826539463767, 75.199710432366828, 929.00202805000413], "leftAnkle": [126.81430077975202, 307.40732491627227, 0.0], "rightEar": [225.72759219722406, 99.528907741982721, 1069.8624295036352], "leftEar": [202.79711743287578, 298.15218993621329, 1056.8148365778077], "leftEye": [314.14465038405598, 241.65801761562625, 1076.5953729686514], "nose": [369.02188389886783, 234.1283735432246, 1036.2972009904929], "leftShoulder": [184.31246798867221, 334.05514582414435, 955.45152991369639], "rightWrist": [229.94717499948123, 0.0, 604.3971551898569], "leftElbow": [76.39298122338613, 405.72564996685333, 732.41879835014493], "rightEye": [320.64190073530762, 179.56404921207587, 1076.0423433222186], "rightHip": [199.09264595072366, 139.29923466532682, 563.32964720586506], "leftKnee": [197.76996817501106, 317.15085496968413, 267.00265334709434], "rightKnee": [239.38283416592515, 168.586834127678, 268.11146878158274], "rightElbow": [182.20668689178063, 13.46225096151511, 739.19275826577996], "leftWrist": [0.0, 446.80209147373125, 611.36775588670207], "rightAnkle": [181.74255681260121, 230.86846391165773, 26.097273195458456], "leftHip": [106.05454931428824, 304.71487472396939, 546.4351419154907]}