{"rightShoulder": [0.0, 112.57975133754871, 1326.9941159259486], "leftAnkle": [485.56954112962057, 501.30182620987375, 23.773661691391681], "rightEar": [80.487977261673223, 219.56003199477141, 1673.5501333748787], "leftEar": [62.286615393968759, 480.06427073200416, 1630.7034878860652], "leftEye": [262.36669921875, 388.86092154061294, 1687.535942819796], "nose": [257.89499863205242, 348.41608402237375, 1625.6963897586334], "leftShoulder": [15.592720239542814, 540.34143968871626, 1334.8437405003649], "rightWrist": [383.98285505836589, 102.69985332563238, 663.18483250243207], "leftElbow": [120.05341264895424, 705.37028058122564, 957.0846873480059], "rightEye": [250.077452425827, 284.18441831833661, 1673.968468810798], "rightHip": [22.06489010821997, 180.16899281067617, 623.32123586454327], "leftKnee": [681.99161372203298, 500.26358827821036, 517.36279486867716], "rightKnee": [585.81276598978616, 172.27113098857012, 496.56547908560333], "rightElbow": [77.695363798030257, 0.0, 890.30422771765552], "leftWrist": [378.5746576331469, 618.00556298638162, 691.8739056420236], "rightAnkle": [418.24925522859917, 193.49563966743676, 0.0], "leftHip": [92.484688487961876, 449.68629544625514, 655.89107338278245]}