{"rightShoulder": [399.01635837183858, 216.26709174367693, 1562.4824940722274], "leftAnkle": [745.31060197288434, 632.81044807879357, 229.04768816877413], "rightEar": [579.10683099768994, 359.73950860286959, 1879.9615055781856], "leftEar": [521.87207981213533, 758.67974069795696, 1872.0758526872567], "leftEye": [796.57422824963533, 610.85160809824879, 1852.4291688199171], "nose": [789.41955518908071, 533.47259925218873, 1762.7920339858947], "leftShoulder": [256.47732627067126, 904.3296563411966, 1589.5629806815416], "rightWrist": [1092.4184152328553, 517.15476425705242, 971.88753761855514], "leftElbow": [527.94829728538434, 1307.8032321558851, 1208.1975050158071], "rightEye": [784.198202289032, 458.14540901629357, 1839.4067876793529], "rightHip": [3.9892084143968987, 214.70578489785976, 638.78253055082678], "leftKnee": [802.86924892084153, 903.17986229328767, 869.79178699537943], "rightKnee": [992.72267714919735, 0.0, 872.63527100559304], "rightElbow": [826.77816641840946, 82.908457715223676, 1059.3472933639346], "leftWrist": [666.80621694126967, 1016.4607893056907, 756.29445069309304], "rightAnkle": [713.18842526446997, 161.3075107915854, 0.0], "leftHip": [0.0, 657.51988843628374, 586.50292968749955]}