{"rightShoulder": [113.17960995578991, 209.57700420948231, 1128.3058738144389], "leftAnkle": [241.07240029757727, 685.38720036687801, 0.0], "rightEar": [102.93627586455364, 281.32737652408377, 1372.9394259144001], "leftEar": [179.67597604645363, 490.23406854764266, 1361.6149844996305], "leftEye": [244.83288326333462, 389.88361815700955, 1376.2095615301691], "nose": [258.00045828889807, 349.38018763055516, 1351.4203298180316], "leftShoulder": [0.0, 597.94557607780166, 1079.8437342959141], "rightWrist": [438.09289194594203, 170.29548241903285, 665.21483252202006], "leftElbow": [56.164719202145932, 593.69144912827437, 651.6166282425479], "rightEye": [219.13581839909955, 312.68317513779198, 1399.1517118360853], "rightHip": [183.22150449126411, 287.65003222833366, 482.1851206302822], "leftKnee": [382.06974692119246, 658.67136303742882, 274.0977782591649], "rightKnee": [542.82436481180878, 0.0, 465.34460433685172], "rightElbow": [176.15895995984928, 83.637556110027617, 760.16488281205329], "leftWrist": [335.50837013973296, 448.57255945442535, 619.23328327274521], "rightAnkle": [1070.9114843517893, 125.24547127863093, 5.0681557668344794], "leftHip": [118.09592991466636, 526.48321760208705, 432.04860992328076]}