{"rightShoulder": [143.67143648034858, 71.375488360415147, 951.19454151712807], "leftAnkle": [126.44470388744739, 517.23495403591801, 69.430844052126531], "rightEar": [158.25257621195615, 77.44237990012158, 1100.3333329848249], "leftEar": [93.14033148906384, 266.88339595785669, 1095.8890551082095], "leftEye": [214.7680095036622, 234.91732864726737, 1108.7736467541984], "nose": [267.93598789056358, 240.4249999404758, 1065.9369732832874], "leftShoulder": [113.76295697133688, 330.21064944273462, 990.96754746894908], "rightWrist": [394.90708933375186, 162.75523378121261, 765.52100506636771], "leftElbow": [0.0, 493.59499361977623, 809.92220651482694], "rightEye": [234.23953271270608, 175.68256257130975, 1105.5668901585034], "rightHip": [171.80012739933224, 217.42776523618022, 545.61465434512161], "leftKnee": [168.18558298062649, 442.71860546066114, 274.28044916838007], "rightKnee": [172.16498107043822, 274.07092969386076, 272.21266904597769], "rightElbow": [290.92094121183027, 0.0, 769.87459435820256], "leftWrist": [40.962690186501021, 653.25738877372055, 806.23852756918302], "rightAnkle": [118.62459074090302, 295.53156559117656, 0.0], "leftHip": [119.10126479456798, 361.66865310940466, 547.6667032578016]}