{"rightShoulder": [314.90603910809841, 70.314227033682073, 1020.691543044747], "leftAnkle": [371.45278111320545, 530.40576361867693, 6.992605483949319], "rightEar": [700.07375896765552, 200.19810349282602, 1245.1327536022616], "leftEar": [639.86361943701377, 491.72763025899826, 1253.9371884119648], "leftEye": [791.44228781614811, 416.0116693518969, 1258.2182142205738], "nose": [808.70356198321997, 381.50851167315182, 1202.0153571102869], "leftShoulder": [531.16786425401278, 568.73462579036982, 1019.2875159593868], "rightWrist": [649.20728204036982, 252.48835724708169, 506.06713962183858], "leftElbow": [602.76091698078812, 617.43772799124531, 596.15636399562254], "rightEye": [826.22840542923177, 341.15165027662943, 1238.4009644029668], "rightHip": [0.0, 239.15464836150295, 441.2879871412938], "leftKnee": [713.55457350437769, 712.49263588278222, 356.60660110651725], "rightKnee": [607.11459789944092, 21.874933502553631, 346.34655049246112], "rightElbow": [447.63028749696036, 0.0, 621.58254043044735], "leftWrist": [690.81855126763162, 457.97927179596331, 549.12492780277216], "rightAnkle": [222.04095862718896, 133.97925469661982, 0.0], "leftHip": [163.18194081347292, 524.45833839980537, 415.94104906371604]}