{"rightShoulder": [133.78289132821189, 90.967777013478326, 1575.9193111242325], "leftAnkle": [80.638624296627043, 549.25359009760552, 19.187117996527377], "rightEar": [52.810298649682835, 216.62945235599614, 1817.4961110651411], "leftEar": [94.258370702100947, 441.47751646655342, 1803.8162402408461], "leftEye": [179.43390100920013, 345.79785374476819, 1837.9582979946283], "nose": [191.29763186820904, 302.59697958748825, 1801.1981477396671], "leftShoulder": [92.929242774829333, 557.70622103306698, 1556.2944320359538], "rightWrist": [311.14363046757495, 0.0, 970.09796487734184], "leftElbow": [103.27901467353838, 830.26959992133254, 1171.1748164966971], "rightEye": [163.63650494129388, 260.07880008527093, 1847.0132587515213], "rightHip": [132.08709579464465, 93.473888770827557, 917.86464272629837], "leftKnee": [135.72250428144017, 464.72375609651897, 444.11444324876902], "rightKnee": [95.367769436088693, 126.63896162759283, 441.19638843507209], "rightElbow": [255.57652145152872, 35.866273796307951, 1230.865585651994], "leftWrist": [331.58420086550484, 493.73917454630703, 958.29498123846224], "rightAnkle": [77.062517986713473, 192.60783107780162, 0.0], "leftHip": [135.28659362908587, 389.30724801196368, 910.24523821668345]}