{"rightShoulder": [66.332967951729728, 49.505380221082532, 1323.4001066797198], "leftAnkle": [328.16156264688755, 378.02440779348422, 296.63984782702914], "rightEar": [27.4986257075455, 136.85085987230144, 1550.7277054949861], "leftEar": [27.709131466122869, 335.95004113182927, 1528.2171236989348], "leftEye": [132.79019658990887, 266.73985035520218, 1540.4258691514931], "nose": [181.87087338765332, 250.41932330114719, 1495.5162206933865], "leftShoulder": [60.72039854337909, 427.66709442373281, 1353.5416579566145], "rightWrist": [176.62135783456267, 3.3408960448157359, 718.44241784737369], "leftElbow": [89.143278397286977, 562.81798933400955, 1071.2516138307924], "rightEye": [131.58202473686902, 204.36622148685206, 1542.9262208436812], "rightHip": [61.85374286458412, 183.20020788035845, 778.83533531806552], "leftKnee": [440.41687816994056, 410.55877626246343, 687.01193852931601], "rightKnee": [65.948842320805497, 261.24674179294766, 379.97290507075741], "rightElbow": [96.678364112200057, 0.0, 982.9455420042475], "leftWrist": [161.38389614274331, 533.74422574291998, 773.45410228555465], "rightAnkle": [0.0, 286.37200204453279, 0.0], "leftHip": [207.52375881769643, 401.67585216582142, 797.90249782924684]}