{"rightShoulder": [303.67024345348318, 51.961098471044807, 787.86764083471962], "leftAnkle": [243.76636809729638, 403.72290398872019, 34.536411334077457], "rightEar": [406.69671339972808, 61.081382328095003, 947.53498336196571], "leftEar": [361.0113460538588, 254.30870390603781, 974.42929484176966], "leftEye": [479.02840098866398, 211.75852136068403, 958.85396401754383], "nose": [522.97472177320435, 217.88126673646593, 906.66793292259376], "leftShoulder": [228.26913936379611, 386.61434952787545, 789.21251465026808], "rightWrist": [502.09353427134073, 150.30656492902654, 447.82861973166018], "leftElbow": [258.70294164275629, 447.5450900571268, 529.56460346939093], "rightEye": [491.54019903722781, 151.92305788874336, 946.15147462735786], "rightHip": [140.64016308884402, 96.811184728439912, 433.60271399464705], "leftKnee": [320.09814556766133, 470.64198789714146, 352.76085463779691], "rightKnee": [459.74844530270468, 0.0, 334.44081403853966], "rightElbow": [355.33086386424804, 14.646510332909884, 476.70258832546801], "leftWrist": [443.24097633941039, 346.38987880942227, 475.57713788569345], "rightAnkle": [332.99327958108302, 62.010973710869848, 0.0], "leftHip": [0.0, 336.31192876267346, 443.52877545462775]}