{"rightShoulder": [414.31921903223019, 78.050490366000076, 937.93408076032415], "leftAnkle": [193.14990778588412, 301.91261315102611, 0.0], "rightEar": [558.22136321045491, 78.674387467497667, 1026.7925648332885], "leftEar": [558.68907967866335, 286.6456044937301, 1071.2850646297452], "leftEye": [648.98095356451631, 255.34570661455137, 950.41746685924431], "nose": [638.2347737822779, 230.10823974683649, 890.3111539101576], "leftShoulder": [410.43942037805812, 351.38423282480176, 958.9752695889797], "rightWrist": [300.24298386790679, 66.784161168215405, 410.83742205980002], "leftElbow": [343.41244947426748, 347.70981494762259, 638.37369689133357], "rightEye": [644.98998010298533, 178.60419575102793, 932.14993253093053], "rightHip": [27.414851346771115, 98.464425141597303, 773.14841198229442], "leftKnee": [140.86516161139514, 293.75310018010282, 382.45781803911859], "rightKnee": [115.40794049751571, 67.971414114379513, 387.44602426221422], "rightElbow": [336.13448417699732, 0.0, 663.04246423280642], "leftWrist": [357.18008579480414, 332.92920426932028, 403.15847777726412], "rightAnkle": [134.76099822829855, 51.601508181960526, 14.204874609428771], "leftHip": [0.0, 277.07892446080018, 763.78893935909764]}