{"rightShoulder": [338.1695589889348, 151.61254217838041, 2013.9583554991493], "leftAnkle": [268.1387706712062, 572.84927498784054, 0.0], "rightEar": [464.20223583414418, 291.81236700510703, 2286.7276625577579], "leftEar": [396.30334235165378, 535.71018512889123, 2352.1686109253405], "leftEye": [534.87830207320053, 469.33812621595325, 2374.0181690023105], "nose": [615.690653878891, 406.61988919625492, 2311.7157538150541], "leftShoulder": [364.24556177042814, 570.16953428988336, 2054.5583182605792], "rightWrist": [1221.3650766810554, 96.645420415856051, 2019.6959546753408], "leftElbow": [775.28316892631324, 743.51888147495129, 2021.0074572136434], "rightEye": [612.97416669199902, 368.56584767144932, 2300.4895219023592], "rightHip": [0.0, 189.51325389105068, 1284.5553923729335], "leftKnee": [484.09836492278691, 680.85139530642027, 644.22412299367716], "rightKnee": [342.62785369041831, 0.0, 819.53228546023865], "rightElbow": [619.643594585968, 81.063831848857035, 2059.3049591895674], "leftWrist": [1303.4801932605787, 764.92137721911467, 2021.8452053441151], "rightAnkle": [234.31715862110923, 7.280832016050681, 500.20266331772928], "leftHip": [73.726144516050681, 505.67022966318109, 1191.0449142752923]}