{"rightShoulder": [451.07837449860654, 71.115345715721787, 1317.0448986894567], "leftAnkle": [343.54171793683253, 274.65693893360253, 0.0], "rightEar": [724.22155013716338, 186.37074658394909, 1472.6933019836194], "leftEar": [640.77026657438898, 327.66177921311692, 1336.9041383916078], "leftEye": [751.06436024774825, 251.73976132299867, 1319.9657813081449], "nose": [768.46923545951427, 195.26870108982416, 1315.1984658933379], "leftShoulder": [578.19433741835905, 363.98273745933272, 1277.3190499883592], "rightWrist": [637.44486742721983, 93.104328693889897, 830.25133201752055], "leftElbow": [595.16814167448456, 389.4445075618645, 965.71979448262118], "rightEye": [787.55999724083904, 204.14079615955347, 1372.3483962987052], "rightHip": [51.498353336441141, 216.45027119222846, 829.5052249185951], "leftKnee": [416.88438855676264, 294.90405779810942, 432.78849591240328], "rightKnee": [101.35716213318835, 191.91727916309731, 442.11726496525284], "rightElbow": [553.43046785549336, 0.0, 999.73976686678861], "leftWrist": [736.37300339702233, 306.49413025289152, 658.11061199791448], "rightAnkle": [0.0, 174.18742443120971, 143.86034459079838], "leftHip": [234.85300375608892, 353.65372842707347, 834.43714676252262]}