{"rightShoulder": [0.0, 274.01118247745239, 1689.7592421893455], "leftAnkle": [177.89643037479183, 405.4745721155075, 0.0], "rightEar": [120.30398863642461, 337.84957738776671, 1866.6677043704713], "leftEar": [82.734094247192388, 473.71408010281874, 1930.3285686569029], "leftEye": [165.27486548600723, 434.14681414775981, 1975.7694183064843], "nose": [189.92590864276406, 406.92606551708195, 1951.9005847641506], "leftShoulder": [40.069727943633069, 598.46639435749194, 1602.5788574763856], "rightWrist": [201.75608807762137, 0.0, 2308.0061453828912], "leftElbow": [107.56965183476278, 713.51324016363697, 2099.9299425342433], "rightEye": [175.63592370128094, 366.65618481356495, 1959.1016147120515], "rightHip": [76.256417072275127, 317.46480530854046, 1028.4451566021216], "leftKnee": [265.5126816357739, 394.29480442251997, 456.69965364507107], "rightKnee": [182.08389815736561, 387.84140855684836, 698.19204271852414], "rightElbow": [48.939422861987765, 151.62266590644344, 2001.6215580001976], "leftWrist": [113.08205825988314, 831.5372119388494, 2487.069669724403], "rightAnkle": [59.580485809066175, 682.66736116480342, 263.53264772877856], "leftHip": [197.63558470297434, 557.37755183072659, 941.45520192420236]}