{"rightShoulder": [437.35156439992716, 138.98252257113336, 1737.2598074233947], "leftAnkle": [157.96549542497564, 618.09353910809818, 0.0], "rightEar": [587.6140621200143, 241.6935075693093, 1969.2596630289393], "leftEar": [591.31229100802511, 532.26882257721309, 2018.5622596592289], "leftEye": [719.83511103173623, 459.72730347154675, 1979.5983535232244], "nose": [761.02301761612352, 418.28863501641536, 1902.9914997264102], "leftShoulder": [241.24429071923623, 614.30063115576354, 1806.3938377766292], "rightWrist": [988.09118319856498, 46.608911417801664, 1253.7153928289151], "leftElbow": [282.39150086636664, 770.45142456529652, 1403.4699032557148], "rightEye": [748.71545742643457, 342.63323998358464, 1981.0342195859675], "rightHip": [218.73461249088041, 306.56111495318578, 1066.4738380046203], "leftKnee": [137.84493745440159, 673.02487194491755, 552.39955465710091], "rightKnee": [212.42187689992716, 381.76645526811785, 470.13960663910484], "rightElbow": [543.90513094297148, 0.0, 1298.7791562803986], "leftWrist": [895.8893349495379, 746.49774098674629, 1252.7048045355057], "rightAnkle": [96.482036189810287, 450.93962601836097, 9.9835542315172461], "leftHip": [0.0, 592.95104078003419, 1127.5026940965465]}