{"rightShoulder": [0.0, 212.86798166950371, 974.62987901264592], "leftAnkle": [616.51870668166339, 674.99015077820991, 0.0], "rightEar": [117.16504286235386, 356.08437006018949, 1311.7673045355061], "leftEar": [111.06464691755809, 652.23294245500961, 1278.8814711515079], "leftEye": [315.66790035262648, 572.43704401750961, 1322.1669199902724], "nose": [309.76595938715946, 520.4066489846789, 1247.4896757964495], "leftShoulder": [12.164404486867625, 770.69237141293775, 902.57228842412451], "rightWrist": [575.64799291707186, 0.0, 532.87172832563238], "leftElbow": [251.86067455009697, 798.18137843506815, 377.74217610043797], "rightEye": [317.96509454036959, 454.65078200997073, 1288.819421434217], "rightHip": [61.782697744406505, 281.28539564080734, 117.35344342777262], "leftKnee": [495.92462989421165, 795.40636019576846, 307.75028878891044], "rightKnee": [511.10057073808366, 7.2712563837546895, 347.51429885092421], "rightElbow": [102.98065874270424, 49.026997963278063, 469.84874680812254], "leftWrist": [471.23649531857973, 902.39992704280144, 415.8369140625], "rightAnkle": [640.44725422543752, 68.319981912694402, 154.02332730423177], "leftHip": [84.765651598978366, 603.37926343628374, 44.799595695525568]}