{"rightShoulder": [520.93570266901747, 1158.2569917315175, 262.06686223249017], "leftAnkle": [1010.7529942850192, 0.0, 147.26532481152708], "rightEar": [641.55874574416339, 1400.2217290856031, 544.33016932149803], "leftEar": [928.72693108584599, 1722.0225825328305, 526.36987399683858], "leftEye": [857.50840527723722, 1640.0716880471789, 529.59446817242224], "nose": [779.5206256079764, 1560.9336355483949, 496.176229632782], "leftShoulder": [1086.7993145063228, 1757.2338582198443, 286.80838095817126], "rightWrist": [772.44830298516536, 1570.2995614968384, 343.25362126094342], "leftElbow": [1081.0074933122569, 2022.6229860773344, 0.0], "rightEye": [717.63068078185779, 1523.2516073382778, 532.77980225559304], "rightHip": [452.19343537208169, 869.74869665004849, 82.910851623297731], "leftKnee": [1041.2001535141048, 463.83357399075862, 55.311485438959153], "rightKnee": [647.7019926434823, 426.28404859253396, 54.353204036965053], "rightElbow": [634.30352854450393, 363.46849920963018, 75.683403757295764], "leftWrist": [1168.2376732733462, 1801.5371967716439, 261.67162800948427], "rightAnkle": [0.0, 6.6174800887645233, 160.76050279669244], "leftHip": [1177.5186154851654, 721.76890997385681, 69.383834660749017]}