{"rightShoulder": [559.71269588152188, 1039.1017685380025, 780.1074188212142], "leftAnkle": [582.09812956924634, 21.601876238638852, 25.758702414199433], "rightEar": [392.89261238453071, 1243.0026199688878, 694.8533238113223], "leftEar": [359.91385495509576, 1390.5428468849032, 727.52821790607186], "leftEye": [452.32039952670038, 1382.8643147413118, 684.56906366406542], "nose": [459.13259671851699, 1348.5928618687872, 658.16024341725006], "leftShoulder": [97.733379567903398, 1278.5266258265215, 724.86131999512645], "rightWrist": [818.92866804509936, 1316.353384636373, 93.884981803736991], "leftElbow": [0.0, 1283.4815692626403, 12.506140849720396], "rightEye": [475.70146750792321, 1316.6210854292044, 682.26418139168027], "rightHip": [463.31679165361896, 724.96222501767716, 405.53369175370199], "leftKnee": [205.614947732535, 1262.8858865776374, 11.046105071370221], "rightKnee": [695.64751902794433, 1019.776291177966, 325.11026931457582], "rightElbow": [724.27441215163299, 984.64788932731926, 505.31318558709881], "leftWrist": [411.115444288807, 1359.406931463644, 0.0], "rightAnkle": [793.46309702517692, 0.0, 41.584480279780109], "leftHip": [179.26684940579236, 855.14002498708442, 68.401809999058969]}