{"rightShoulder": [540.704468884123, 112.81193914207938, 888.34632154291194], "leftAnkle": [356.33238550354969, 353.37041766638913, 67.33128407655613], "rightEar": [236.55801970711644, 238.63482860201884, 1056.0833817591397], "leftEar": [387.54567653730811, 266.54681989771484, 1037.4550718261601], "leftEye": [342.17589003894403, 251.61716241233489, 947.1106969642201], "nose": [299.45190425231459, 260.92682785011516, 944.58969173952471], "leftShoulder": [545.36783634849792, 390.28990381406652, 897.95764163903459], "rightWrist": [367.53569997429901, 197.81657131621091, 509.36405108459712], "leftElbow": [521.0977402498778, 434.70213158964657, 640.04103442883888], "rightEye": [277.6164915735838, 224.54100533750216, 953.365138568264], "rightHip": [753.2793194774581, 151.9071528690597, 435.92297584894504], "leftKnee": [304.16226743240247, 484.23085836011774, 420.39443098934544], "rightKnee": [301.06844083403564, 0.0, 353.15400529650105], "rightElbow": [466.94869641140076, 65.884280187814284, 602.58312822953667], "leftWrist": [396.48726559075396, 293.61124575982853, 545.31623776021706], "rightAnkle": [354.84697277060792, 202.30889758315175, 0.0], "leftHip": [734.24721500175747, 353.60620851658337, 497.29775602679274]}