{"rightShoulder": [705.01408933254902, 387.06144223923866, 1423.5155503794349], "leftAnkle": [186.90313328812204, 1394.7932425912809, 19.866356640258346], "rightEar": [1087.2325786950419, 615.47832536516637, 1822.1411362951419], "leftEar": [1156.5585075600957, 789.79199963675615, 1821.3494029894798], "leftEye": [1216.6649523118399, 714.16006550008467, 1833.3635983949828], "nose": [1232.8316528529299, 675.54050387626421, 1798.9937535299332], "leftShoulder": [840.32969774991466, 1000.4249687552842, 1500.1983744624922], "rightWrist": [680.826323542983, 467.99223526694095, 306.28752998916025], "leftElbow": [1039.6801644497325, 1085.1962157196244, 791.34101858972008], "rightEye": [1185.0926387629904, 636.49930805052838, 1826.0660112743333], "rightHip": [106.33829123770056, 496.26140136674394, 144.62345120757345], "leftKnee": [879.6173946413212, 910.41165373551257, 1016.2430513052832], "rightKnee": [911.46981770568584, 372.29308584866658, 990.725861555552], "rightElbow": [827.73735899794735, 240.681988861435, 717.86331254508514], "leftWrist": [1260.3832925275949, 944.00976609030613, 1062.7928906476282], "rightAnkle": [327.11048435909788, 0.0, 0.0], "leftHip": [0.0, 1156.3900876549792, 197.41477041179314]}