{"rightShoulder": [391.72056443032602, 151.61254217838041, 1513.75569218142], "leftAnkle": [194.41262615515552, 572.84927498784054, 11.375372385700302], "rightEar": [390.47609131809349, 291.81236700510703, 1786.5249992400288], "leftEar": [322.5771978356031, 535.71018512889123, 1851.9659476076115], "leftEye": [461.15215755714985, 469.33812621595325, 1844.2824602535259], "nose": [541.96450936284032, 406.61988919625492, 1811.5130904973246], "leftShoulder": [290.51941725437746, 570.16953428988336, 1532.7366302133996], "rightWrist": [1289.0479199598738, 96.645420415856051, 1519.4932913576115], "leftElbow": [701.55702441026256, 743.51888147495129, 1506.6172976957682], "rightEye": [524.45091728477632, 368.56584767144932, 1800.28685858463], "rightHip": [231.53160718628419, 189.51325389105068, 784.35272905520424], "leftKnee": [410.37222040673623, 680.85139530642027, 467.72008374878396], "rightKnee": [589.66552164396876, 0.0, 319.32962214250938], "rightElbow": [798.97304383511687, 81.063831848857035, 1559.1022958718381], "leftWrist": [1229.7540487445281, 764.92137721911467, 1540.0431967412449], "rightAnkle": [351.98384492035507, 7.280832016050681, 0.0], "leftHip": [0.0, 505.67022966318109, 796.64999544017473]}