{"rightShoulder": [78.672599179003782, 107.55308945486706, 1683.0121877373224], "leftAnkle": [396.55630507078433, 466.10238129679897, 0.0], "rightEar": [643.16734523570631, 202.68551011184013, 1933.1420131681866], "leftEar": [555.63251673290006, 372.31786619559102, 2027.63268544418], "leftEye": [512.42143156952125, 307.46282821858654, 1917.4397908981769], "nose": [491.59372845032755, 254.95360628021558, 1899.4501823569699], "leftShoulder": [356.39016060823661, 436.18594242835411, 1671.980089593123], "rightWrist": [127.81853868882303, 80.316471113859166, 1025.1810059442982], "leftElbow": [375.16885362938899, 457.32420432110052, 1258.3254942230508], "rightEye": [547.79928174894371, 248.81855870471418, 1876.809891473267], "rightHip": [54.250606891039524, 217.57481985283516, 988.17242164274739], "leftKnee": [398.44157569203759, 391.12855299290266, 480.70770629740628], "rightKnee": [96.795797380807642, 315.88747450514143, 483.83664144669183], "rightElbow": [0.0, 0.0, 1286.3411333048282], "leftWrist": [374.08686812350948, 402.44985627655137, 994.11289109843574], "rightAnkle": [75.861278340248361, 491.71991681011218, 57.331559683470914], "leftHip": [275.20418204987527, 447.62269212535125, 997.87757187651414]}