{"rightShoulder": [114.00596401229288, 119.75555563410421, 1042.36713990721], "leftAnkle": [29.323400047042355, 394.59123840702318, 95.096306275278494], "rightEar": [184.27306026588889, 174.12916973333415, 1228.423260082702], "leftEar": [165.92544763052507, 374.42333565976367, 1226.5295079795203], "leftEye": [286.50319015368024, 319.40139582663812, 1226.8415707611532], "nose": [310.39916124861992, 281.19062161171155, 1180.4058846199041], "leftShoulder": [132.49191892873745, 438.61918483022851, 1078.3297801000897], "rightWrist": [147.5169077450814, 0.0, 563.10352946858484], "leftElbow": [87.243488451091082, 512.22814583388799, 791.64872360046502], "rightEye": [295.10458416287742, 235.74390117655713, 1230.8642824728754], "rightHip": [22.729353080673718, 216.7141695749167, 611.53425712367175], "leftKnee": [112.13889564091019, 409.83568905779111, 332.01853229230755], "rightKnee": [47.648899060713632, 253.31588423889184, 320.06252244375628], "rightElbow": [90.433094317792751, 67.006130199738436, 782.87943637422813], "leftWrist": [105.30480181623483, 580.31200596478925, 619.4041062054041], "rightAnkle": [0.0, 297.67982921153157, 0.0], "leftHip": [94.574304936754089, 392.73409376050881, 650.26407435438955]}