{"rightShoulder": [244.57652704261136, 260.46903593902016, 2490.7179110337784], "leftAnkle": [585.78712130891654, 737.15107269880855, 45.436036818686262], "rightEar": [438.52855637843504, 381.12693127583907, 2884.6852062833909], "leftEar": [438.68366363169162, 701.87275238630855, 2895.0563136297437], "leftEye": [632.67516620799233, 602.68192086423915, 2918.2947494269342], "nose": [701.39815779511537, 562.79408305721063, 2839.1117611005611], "leftShoulder": [265.88001824167441, 806.05800572258067, 2491.2149987424855], "rightWrist": [0.0, 99.773129711819365, 1891.8312034161636], "leftElbow": [165.5913034283235, 921.85710173729331, 1975.7241902926553], "rightEye": [634.67739268499554, 475.01256231760726, 2919.9100377865798], "rightHip": [309.21643119841656, 369.04307704584153, 1481.2064127050021], "leftKnee": [622.96662736588405, 596.01775006839762, 691.33823736168506], "rightKnee": [585.02807498442053, 382.36126067759005, 680.26489940598776], "rightElbow": [61.940335522365785, 0.0, 1971.8292675686253], "leftWrist": [216.26140389646525, 934.14740963946997, 1796.6883692759948], "rightAnkle": [491.50774499321687, 385.55031101805707, 0.0], "leftHip": [389.62620793799033, 692.76710219327606, 1478.1854022430534]}