{"rightShoulder": [269.79966409289909, 327.79136901142988, 1647.009592731639], "leftAnkle": [1013.8011574355546, 754.7258424276506, 79.870348978599395], "rightEar": [386.01169215102141, 434.19914655277239, 1942.9837689232734], "leftEar": [581.29977048881346, 681.39948055994637, 1913.7981992491489], "leftEye": [734.29347793044758, 589.72907990333169, 1929.4332916616002], "nose": [634.7643558487357, 560.28245455374508, 1876.0313069978113], "leftShoulder": [598.52537542558389, 896.17875843567617, 1650.8062112414884], "rightWrist": [1327.1975981122328, 48.050762250729576, 1653.2776819370135], "leftElbow": [988.15342480848744, 981.48567265017027, 1526.7376162755349], "rightEye": [686.01685045294289, 506.00262379924607, 1948.5351220513132], "rightHip": [349.21181906614811, 507.99459470756324, 906.98833064810333], "leftKnee": [1171.5917778757298, 975.32590778514077, 653.94722002675098], "rightKnee": [411.0380859375, 287.55695601288903, 334.43709721546702], "rightElbow": [908.66909350680953, 0.0, 1340.5570415096061], "leftWrist": [1466.3824059156129, 820.53557233402216, 1367.1693993950632], "rightAnkle": [0.0, 1063.7918230939931, 0.0], "leftHip": [550.65762744710628, 867.96655178441142, 912.47660429839516]}