{"rightShoulder": [130.00865663481827, 44.34219622958517, 395.0743658913625], "leftAnkle": [94.840559744387008, 191.05773156094119, 14.487612430145191], "rightEar": [140.8106925103051, 70.948560654405696, 532.87024049396814], "leftEar": [98.120459707887278, 266.04045297222399, 516.62363596214163], "leftEye": [215.84472979090907, 220.38574099243965, 522.76999487409421], "nose": [265.29886827168053, 215.85745410067739, 475.59021352839432], "leftShoulder": [110.02388463071753, 235.58938483511747, 461.56863269238488], "rightWrist": [318.61821853683045, 66.656757929331434, 103.26661065326653], "leftElbow": [151.19138640078711, 270.6016195478278, 230.97899062041324], "rightEye": [227.90883649785576, 159.12975696419062, 523.35545718038111], "rightHip": [0.0, 35.209016338507126, 147.43178935047536], "leftKnee": [219.97476896606773, 330.5539305071743, 175.90034960469075], "rightKnee": [242.81224029277519, 84.29533153910802, 160.68682616568049], "rightElbow": [234.13453477822935, 0.0, 204.98822570553375], "leftWrist": [253.01092169229989, 246.1941508373468, 110.28658748736439], "rightAnkle": [77.122193210862548, 141.73641597004075, 0.0], "leftHip": [24.270715915011664, 185.58270940839475, 176.15936971101087]}