{"rightShoulder": [125.00916144820053, 255.94061208049629, 1864.1097644850438], "leftAnkle": [278.31790719236392, 718.72122560493699, 111.91735697349213], "rightEar": [230.95934346121112, 485.52369779000492, 2206.7053004164641], "leftEar": [192.86113433244168, 795.03542413971309, 2187.3296667907953], "leftEye": [349.96111229328812, 753.63757181724213, 2227.1215060341683], "nose": [402.00850407344365, 711.14211264287451, 2200.1209759545236], "leftShoulder": [198.069560128891, 846.59541623601672, 1863.0582403635703], "rightWrist": [145.83304961089493, 0.0, 882.72104511186785], "leftElbow": [363.41750896765575, 872.90901439384743, 1414.9423486138135], "rightEye": [353.03848112232504, 641.98282655946014, 2248.0445618388253], "rightHip": [379.23549595695522, 311.77253313472761, 954.84183487354107], "leftKnee": [696.64077509423646, 622.0233786022618, 622.70217123662451], "rightKnee": [758.7988376246351, 336.51010191208661, 456.93504909411513], "rightElbow": [0.0, 101.12980871534546, 1287.1479948169992], "leftWrist": [694.38511521157602, 934.62659783864319, 998.2438670355059], "rightAnkle": [223.2899801647618, 678.74128503465454, 0.0], "leftHip": [415.23173410141067, 611.41381740941165, 1120.139511642753]}