{"rightShoulder": [217.13114354814093, 105.97906003721016, 992.92975466205621], "leftAnkle": [209.82296289632515, 449.46091184316083, 0.0], "rightEar": [309.13285581610717, 174.91809482939269, 1177.5593393647196], "leftEar": [319.84808557616157, 379.34155157507905, 1236.3998336016232], "leftEye": [403.76414017827051, 312.19320424527621, 1154.7601185646749], "nose": [405.46921641306221, 284.16268791532423, 1102.5488124081533], "leftShoulder": [161.08470176955947, 499.36760073466166, 953.666088445166], "rightWrist": [287.1422705007692, 0.0, 639.68520326725525], "leftElbow": [111.90564140162036, 618.73539274688369, 686.13385158572714], "rightEye": [405.39606430032813, 234.42574692952871, 1137.6987363312546], "rightHip": [66.526265903328976, 208.58948225034419, 575.05924176810254], "leftKnee": [316.38302432793984, 455.41273418442142, 305.49964519226978], "rightKnee": [352.11529847411168, 159.38793446666591, 436.64211151701238], "rightElbow": [176.4860574532301, 3.848790042792757, 716.98153223934469], "leftWrist": [190.8389947439172, 611.71679493856618, 493.76083269515402], "rightAnkle": [232.61258196745456, 211.08868315364577, 135.61073135868946], "leftHip": [0.0, 420.92506966038661, 540.66282149099357]}