{"rightShoulder": [33.352724850370208, 117.16608411932805, 1038.1457181483922], "leftAnkle": [683.16503846143246, 394.29087435285692, 125.88676361973558], "rightEar": [57.490225287138998, 192.31878147443058, 1195.2584316997084], "leftEar": [73.764842405372548, 358.40962927674582, 1208.5475671056215], "leftEye": [176.83101561162056, 312.86480771976608, 1233.4310240560803], "nose": [204.50168928158172, 281.35433303648745, 1186.645369940705], "leftShoulder": [0.0, 420.97378272247943, 1028.6529227448448], "rightWrist": [459.24463835504156, 0.0, 655.25661236584483], "leftElbow": [150.16946522452301, 551.91940801701344, 823.72026580037664], "rightEye": [163.80446749473489, 238.68398135242569, 1228.0959159173844], "rightHip": [74.929680281760938, 172.76645908452338, 611.01098529625324], "leftKnee": [549.27325332162945, 381.84728326287234, 273.69443333481672], "rightKnee": [544.31116483121752, 139.47855322763007, 233.03992751301985], "rightElbow": [177.66290075267852, 25.015992338142723, 845.390174209615], "leftWrist": [455.18239974852838, 532.10780965319918, 672.20590993980773], "rightAnkle": [532.76146325791547, 94.443260284762346, 0.0], "leftHip": [65.709737244113285, 376.16423868792742, 593.65936293519303]}