{"rightShoulder": [133.34586920785216, 171.82059568684724, 853.55965455254614], "leftAnkle": [454.06417144424984, 502.32260523805815, 15.883471367089442], "rightEar": [135.94212855278784, 259.32040473358575, 1175.0581269832655], "leftEar": [159.57969019888384, 487.05243751686191, 1168.645607921226], "leftEye": [255.44097869762646, 396.46286252441712, 1182.0355742901838], "nose": [263.64149669973409, 356.17530296026314, 1141.193973764772], "leftShoulder": [0.0, 544.47739032940149, 962.3649655712627], "rightWrist": [439.56529011766133, 292.04188647940782, 341.3196093200213], "leftElbow": [133.92324332667911, 601.98186707668356, 650.03980975796117], "rightEye": [247.09131900194467, 309.45208723327619, 1188.2576610234134], "rightHip": [264.24635112174974, 254.84981394243664, 313.8990146435649], "leftKnee": [463.76601335322908, 663.55529908300946, 179.01878054903705], "rightKnee": [508.96204791473485, 0.0, 112.23847853016559], "rightElbow": [346.66848487836336, 70.98932049861719, 540.30721835154509], "leftWrist": [459.84208503457342, 532.6371204293622, 735.88885242294214], "rightAnkle": [467.35262454714268, 255.58566740138008, 0.0], "leftHip": [115.31030163607488, 528.34400646682161, 363.72814199711229]}