{"rightShoulder": [114.12407619178678, 249.77001569332879, 1421.0747709316647], "leftAnkle": [614.54196661414755, 562.13755076944562, 0.0], "rightEar": [70.359840638701343, 290.90915501779295, 1650.830513505708], "leftEar": [52.495071145006136, 443.18947656842715, 1671.2000835427634], "leftEye": [151.59616642805466, 418.25499200914874, 1670.3860428829257], "nose": [162.79509721703565, 382.19011881409506, 1648.1988129970032], "leftShoulder": [0.0, 598.90658041785173, 1465.0138140108838], "rightWrist": [181.68125897125788, 168.63483646516806, 1995.705140658117], "leftElbow": [140.52792197976689, 847.55682705711615, 1647.8202917082499], "rightEye": [162.15019854376587, 348.99661196656007, 1676.0465598121002], "rightHip": [68.222781707425099, 245.39845504078721, 758.94645276367646], "leftKnee": [630.25623450409773, 774.23564623419225, 557.36012810060765], "rightKnee": [542.55226074910024, 26.657394089011632, 512.23961459570728], "rightElbow": [84.202790385013913, 0.0, 1705.0794416709564], "leftWrist": [182.68122760767613, 598.56648393537489, 1951.2270880668141], "rightAnkle": [619.85382661259132, 256.19684164505247, 4.5585121138478826], "leftHip": [33.389678777169365, 567.42373265215656, 736.26916661326368]}