{"rightShoulder": [897.71445046510235, 267.83187165612844, 1582.3691672239786], "leftAnkle": [627.32624407222738, 687.67163940904675, 22.510396400778518], "rightEar": [1102.5240587761432, 376.97528764895424, 1748.4209250364786], "leftEar": [1221.82470703125, 673.50520959995129, 1801.2729093202822], "leftEye": [1315.385696589251, 546.9591591682879, 1740.7484496595332], "nose": [1320.8709778544503, 510.654825054718, 1670.7854089402967], "leftShoulder": [921.62157253161467, 802.23617993069047, 1654.7426339828551], "rightWrist": [78.074678532344478, 99.00210321923646, 1261.6927323990758], "leftElbow": [285.81562727991241, 972.1775595817121, 1447.7937097215472], "rightEye": [1295.0866727717657, 440.07690904669266, 1727.9798227748056], "rightHip": [460.84106920294266, 336.6404502067121, 1082.8749810007293], "leftKnee": [956.02322850802511, 727.53523604693601, 643.93015108219879], "rightKnee": [980.08595459934349, 262.36322805204281, 626.36197790004917], "rightElbow": [408.85950989482012, 0.0, 1402.5574651933366], "leftWrist": [0.0, 871.838339007782, 1277.6799686892027], "rightAnkle": [737.09016103781619, 268.80667102383268, 0.0], "leftHip": [351.44916555204281, 663.45821680447489, 1113.4724776568582]}