{"rightShoulder": [90.076833389338788, 367.86829238877635, 729.86807156807095], "leftAnkle": [633.85497547102761, 853.63434770864183, 48.074297546744674], "rightEar": [262.96126644579772, 487.09746247864507, 1067.9185708687648], "leftEar": [286.82815477741906, 670.9283611279717, 1039.1341890647614], "leftEye": [362.64518773918542, 616.23796413983632, 1066.3013207378788], "nose": [390.52088256073881, 578.09441122856219, 1039.8035096590486], "leftShoulder": [185.30047558759011, 859.25324994903212, 813.45990002150756], "rightWrist": [482.54049022647081, 55.838791946982155, 196.61449825387081], "leftElbow": [373.33375349865571, 874.35478534757704, 400.26260013476985], "rightEye": [351.95166487310269, 532.93662665866918, 1071.5733934621881], "rightHip": [0.0, 370.25359145971083, 18.360401092762004], "leftKnee": [778.97267822127776, 284.12015206337855, 232.77952489464496], "rightKnee": [281.00640234946667, 0.0, 191.55912256014744], "rightElbow": [27.860689310835255, 86.283435637102912, 193.67887804694237], "leftWrist": [662.19723166012682, 975.52717797884111, 247.61522963490643], "rightAnkle": [526.60838100537876, 171.48144393190182, 0.0], "leftHip": [59.357316205366203, 696.60278086609969, 63.002153087555598]}