{"rightShoulder": [168.73551184178513, 17.890480858189903, 1309.6895208191411], "leftAnkle": [475.10207617392416, 285.2268082123951, 0.0], "rightEar": [221.10539575360428, 101.49680788991861, 1553.6002477193049], "leftEar": [264.75811909095768, 282.56471623878451, 1575.979269237032], "leftEye": [335.5495271759815, 215.74170298579719, 1575.2199970061404], "nose": [355.33242561366296, 185.08140887244485, 1535.1862327972126], "leftShoulder": [217.98438951658156, 362.33531162718441, 1315.0689837155892], "rightWrist": [569.66258629960225, 26.169647271975691, 747.90073095953744], "leftElbow": [339.97195030151056, 372.75764362229484, 947.95639978646932], "rightEye": [315.04417397281713, 136.03022327839528, 1557.7023059163002], "rightHip": [119.51619890056742, 120.82995572367781, 671.71199612249166], "leftKnee": [399.15860370417192, 303.19154790844732, 235.56402426749673], "rightKnee": [113.37860185009609, 192.39368357679723, 234.21265221997419], "rightElbow": [287.8300315845492, 0.0, 977.60052786099163], "leftWrist": [497.98309794035771, 344.83312815015165, 606.88042182822119], "rightAnkle": [0.0, 245.71798343455816, 16.513083517023915], "leftHip": [267.53904704149022, 336.65355186004058, 666.02779438767698]}