{"rightShoulder": [0.0, 220.65925615644096, 1178.2949006812321], "leftAnkle": [0.0, 597.4021649507265, 32.241557353557255], "rightEar": [50.437161313080125, 279.13574814259573, 1359.8224299477504], "leftEar": [50.437161313080125, 432.62731541700668, 1378.8934676690405], "leftEye": [144.08084834321747, 394.42576776383953, 1393.5536144976745], "nose": [153.6576379549814, 356.9508675235345, 1373.0041314843804], "leftShoulder": [0.0, 535.7131859167971, 1179.3735840737231], "rightWrist": [0.0, 0.0, 773.85847130668708], "leftElbow": [0.0, 647.31282435679782, 995.74308075574891], "rightEye": [144.08084834321747, 324.4357944399128, 1400.0000000000002], "rightHip": [0.0, 285.8732511739679, 706.97953658590359], "leftKnee": [0.0, 484.03867810136921, 357.39525121806037], "rightKnee": [0.0, 229.53063339138885, 351.90729954364087], "rightElbow": [0.0, 102.40980621265908, 971.84985559646407], "leftWrist": [0.0, 783.25021274719506, 836.77527282347501], "rightAnkle": [0.0, 186.69448621001357, 0.0], "scaleBenchmark": 70.286216656813806, "leftHip": [0.0, 471.80616856632673, 720.76410855618542]}