{"rightShoulder": [60.438228012586592, 810.77464797799212, 1880.7432374173259], "leftAnkle": [54.795088934881278, 1187.5133695114873, 0.0], "rightEar": [140.79579827213317, 909.96907396916754, 2119.9093257055811], "leftEar": [152.45547057601135, 1120.6430099743184, 2093.2190065229915], "leftEye": [288.3261583496294, 1062.4052073594248, 2136.6792968854611], "nose": [330.4323176065742, 1019.0595291591535, 2109.969701154113], "leftShoulder": [60.709033824649168, 1259.6922688363372, 1829.0979745103411], "rightWrist": [310.25647381208768, 0.0, 1645.0594797469794], "leftElbow": [69.489489508650536, 1588.6550768887478, 1619.2336630240982], "rightEye": [284.05940078045808, 983.74072552354596, 2142.3875581410121], "rightHip": [116.31167542064998, 845.77948445643437, 1090.1643556459994], "leftKnee": [115.57883180520176, 1210.3937965872633, 522.99042344796453], "rightKnee": [91.448041709232285, 842.53410034686476, 556.18301538597643], "rightElbow": [39.542165852230426, 423.35936676414809, 1596.5911466146933], "leftWrist": [144.51451390364369, 1815.0350680714587, 1789.641984673583], "rightAnkle": [0.0, 798.68614524843906, 35.3451390771761], "leftHip": [125.25486941344019, 1182.6168575785864, 1028.4762279251299]}