{"rightShoulder": [85.102243206591908, 63.994140971212005, 977.93579752415167], "leftAnkle": [1174.3800246152041, 276.3784850760685, 2.7482379110788315], "rightEar": [124.87600202884516, 190.49511538896144, 1259.1855426621355], "leftEar": [234.33626996571354, 286.63261810166375, 1238.7803768140586], "leftEye": [235.8761836386783, 237.83311914926367, 1237.9748121376904], "nose": [193.97422640772686, 225.13437279743448, 1251.8014032528665], "leftShoulder": [62.893939771127606, 434.01056792578902, 983.46092935764955], "rightWrist": [301.21302766845088, 270.34007351004038, 761.34892293271514], "leftElbow": [343.74929450116281, 457.72447083941142, 721.5269703505985], "rightEye": [197.3030484466002, 189.31721564785698, 1260.4643084831575], "rightHip": [245.34686932545867, 82.000756743958959, 454.61244907849141], "leftKnee": [712.60494229050698, 268.66285402279118, 388.93729591264764], "rightKnee": [791.84018323419662, 132.41795346006666, 384.84749311773521], "rightElbow": [292.69544970958771, 0.0, 711.30899524825577], "leftWrist": [303.94103780681951, 325.73530401961534, 839.23153692937035], "rightAnkle": [1205.2139981699538, 225.99489596149533, 0.0], "leftHip": [248.07603834663868, 345.96729084947037, 462.5794523488903]}