{"rightShoulder": [126.99699726143902, 41.57540862993892, 1015.1532422219955], "leftAnkle": [21.655965393031778, 363.025425987586, 13.600408479258249], "rightEar": [70.222108830962497, 68.301760425457701, 1219.2052543583679], "leftEar": [10.943632757933756, 258.32696461674777, 1196.3199177822262], "leftEye": [132.03288378197999, 223.48908774986148, 1206.5595389790781], "nose": [182.9061408809248, 222.11180537386645, 1160.7101794603354], "leftShoulder": [0.0, 325.34073918918307, 1058.8561126018803], "rightWrist": [326.4541686526012, 145.58503328065467, 860.39424280236926], "leftElbow": [100.55734820861656, 419.3205011450118, 813.18745924602035], "rightEye": [149.42878750892419, 163.58427811337242, 1209.2010029588962], "rightHip": [117.63781793717754, 142.26302287966087, 577.83463706407679], "leftKnee": [89.097331883471057, 360.83931056622168, 285.83481769619584], "rightKnee": [73.003307692941149, 155.10803544983355, 283.88105343242432], "rightElbow": [170.6398558530561, 0.0, 777.7034310369072], "leftWrist": [311.40470608360181, 492.80005514635559, 886.49419287832143], "rightAnkle": [52.019044258171817, 159.3727487086785, 0.0], "leftHip": [36.916898073069461, 324.07678510832807, 587.03570895182747]}