{"rightShoulder": [51.261248710377259, 173.93254518080289, 1006.5068237582436], "leftAnkle": [352.0989405847663, 708.28098524620373, 3.7394258993376752], "rightEar": [53.613981609692253, 230.67612478905909, 1165.4792082702043], "leftEar": [32.024291663228652, 383.76064014869382, 1170.2101858904425], "leftEye": [129.45682875977755, 360.40313622115787, 1190.3284858667671], "nose": [144.74574436079774, 322.94316726673651, 1173.5545750204219], "leftShoulder": [45.15991721402419, 409.19213584395084, 1012.2207794120677], "rightWrist": [302.50540210818019, 314.7478753296391, 969.33616434987016], "leftElbow": [251.50835509675892, 463.32598411657318, 898.02344648000917], "rightEye": [138.79063875321592, 291.94732483699579, 1203.2449145787214], "rightHip": [0.96912350717855134, 166.75633750812517, 532.09631855310181], "leftKnee": [247.83782320992836, 505.42735272519076, 341.76383085481666], "rightKnee": [301.08360822415295, 0.0, 316.80015381297335], "rightElbow": [276.57490522519834, 77.047334528480178, 902.81715954043921], "leftWrist": [239.90090181712316, 358.6522945518941, 991.33559911481643], "rightAnkle": [140.38979983752034, 72.445689624129955, 0.0], "leftHip": [0.0, 418.36202249507141, 550.9755816460729]}