{"rightShoulder": [260.899025615097, 205.25199538749155, 2019.6154479314343], "leftAnkle": [1421.7420953963401, 552.91503614182125, 537.00374579875779], "rightEar": [241.86324558231377, 348.92134153766193, 2615.1528681002283], "leftEar": [333.56958511290873, 556.63044731843331, 2645.2959957174594], "leftEye": [396.43271811299229, 439.91488851180429, 2646.2199931107875], "nose": [394.86170001860495, 405.38124750073064, 2599.7083620355297], "leftShoulder": [316.16441561320642, 595.95981129983556, 2070.5752894620723], "rightWrist": [969.41920236165311, 0.0, 1449.955422247589], "leftElbow": [978.64790098727508, 719.53853830737307, 1196.1944508918305], "rightEye": [361.78338799421363, 359.80109153266358, 2638.441198022866], "rightHip": [499.506060176169, 248.2582602970848, 630.45199575936431], "leftKnee": [1403.2559438262747, 525.25294131882879, 1208.3554738732264], "rightKnee": [1229.6014238861392, 417.54777194618703, 971.16684878199931], "rightElbow": [599.5776620892168, 71.616445372285398, 1190.6419919274822], "leftWrist": [791.91735456325773, 828.70460312297496, 1657.487664458733], "rightAnkle": [1519.0512288226498, 447.94306746711766, 0.0], "leftHip": [422.37835080241774, 523.77414777945955, 829.60153248220013]}