{"rightShoulder": [227.0383119783782, 74.15732938830638, 1241.8942561520416], "leftAnkle": [120.66089551995674, 182.18831703327191, 0.0], "rightEar": [344.72757837507947, 171.05202326159281, 1403.2219080304908], "leftEar": [432.43680950948919, 285.01677605438476, 1372.2466538326325], "leftEye": [441.39678235189285, 237.26082913891506, 1367.3989958987936], "nose": [405.13769677397386, 217.07197650077683, 1387.0432251472919], "leftShoulder": [199.8783659227347, 389.22843029622754, 1239.5428580043365], "rightWrist": [0.0, 0.0, 753.80086131030635], "leftElbow": [128.60618013170506, 437.22043765867011, 942.23161489309791], "rightEye": [415.50237518025915, 181.93113696051483, 1392.2095166037298], "rightHip": [170.61559035648395, 110.84850659369658, 715.31466032664525], "leftKnee": [207.16016011967727, 204.14902848208567, 343.45370759890807], "rightKnee": [207.24718098524832, 79.345380590725654, 347.08324655227466], "rightElbow": [84.998242038966623, 32.505613363977545, 989.57437320728877], "leftWrist": [146.75841815658049, 448.77394285912715, 760.26364587485637], "rightAnkle": [174.53869367563246, 184.09421378183356, 7.7509729601119943], "leftHip": [156.37422380218314, 292.83220227439074, 724.62851405315814]}