{"rightShoulder": [3.9064925487460016, 56.372721423985922, 1662.5727133501537], "leftAnkle": [14.579923289100066, 386.34603732638834, 41.573499787233231], "rightEar": [82.213960971053439, 136.07546495894823, 1895.5723992177163], "leftEar": [114.07736158745195, 317.90970973725592, 1928.934045156625], "leftEye": [189.29211327720662, 256.8675554321448, 1919.2432464676913], "nose": [208.73524945175012, 230.68695192756945, 1875.992125808415], "leftShoulder": [0.0, 462.93769365885169, 1690.7952303336292], "rightWrist": [450.89492179131548, 0.0, 1306.5322166890483], "leftElbow": [184.48383416193798, 492.37535956019678, 1414.8122978847391], "rightEye": [173.51393207702648, 177.2600104312244, 1896.9958469524702], "rightHip": [41.510505870938999, 146.97014939427368, 1025.6993739272625], "leftKnee": [116.44145868231374, 375.43156477615025, 517.33163577138657], "rightKnee": [137.82137022561443, 150.66753196052741, 519.10366581910193], "rightElbow": [62.036085721062506, 5.0574050667648862, 1327.5810063646472], "leftWrist": [432.3766983744332, 539.86656002844143, 1343.5318860095526], "rightAnkle": [36.706567449619087, 226.60017501483298, 0.0], "leftHip": [130.79599545433661, 404.06285884958425, 1065.3329841383515]}