{"rightShoulder": [302.0701909136364, 33.763871117831627, 1801.1930220100789], "leftAnkle": [391.1789628645422, 328.23519192853098, 0.0], "rightEar": [850.43465566193595, 87.641170571033626, 1998.9982079105844], "leftEar": [718.41752003021122, 219.47207780758231, 2101.7506160356143], "leftEye": [731.98703227087185, 203.21236471443262, 1968.4564379628225], "nose": [724.91403186313391, 163.00457244698305, 1925.468721956154], "leftShoulder": [515.73338967190364, 365.62460800561155, 1744.4505641290721], "rightWrist": [404.99827504011853, 73.699952019949251, 1114.1884319318781], "leftElbow": [529.38604659851285, 519.29674036459176, 1289.4218250870852], "rightEye": [785.66674559808189, 160.00898286406436, 1928.5379268281188], "rightHip": [58.07243673943492, 263.29904670231815, 1070.6233622099878], "leftKnee": [418.01147336482722, 362.10339710169512, 526.49617932418732], "rightKnee": [82.625463906742766, 216.84729135201121, 556.88068906731496], "rightElbow": [112.6949955908857, 0.0, 1394.6503674356343], "leftWrist": [626.6934190799027, 287.34588869606898, 1051.810665520755], "rightAnkle": [0.0, 280.81422143647876, 124.09249564327365], "leftHip": [278.89254552683622, 401.95722925946336, 1036.4793580758744]}