{"rightShoulder": [17.074569761521616, 123.02689631718135, 2252.5961130342594], "leftAnkle": [216.8650320327697, 841.55540852231275, 0.0], "rightEar": [0.0, 155.18535023255117, 2602.8291191368248], "leftEar": [42.065347515655958, 458.89627253313461, 2567.837555287877], "leftEye": [174.77909405778792, 357.07096037512179, 2602.257665255654], "nose": [209.96942447410038, 319.98548408241118, 2546.3389194354932], "leftShoulder": [83.71174781888385, 591.17624673212572, 2323.2820617438288], "rightWrist": [274.80562368905066, 133.51553902830142, 1746.9345147396339], "leftElbow": [260.59916764196259, 692.24932077608241, 1893.9923988668834], "rightEye": [202.47655632523765, 255.02080040126452, 2606.5735628001885], "rightHip": [166.73481340816534, 231.10621732125492, 1421.3650353576418], "leftKnee": [302.31790909229085, 722.27103409229107, 678.84493175462057], "rightKnee": [182.9242679581107, 259.15481555508268, 681.8290383899257], "rightElbow": [241.23150706012939, 0.0, 1827.0912511209567], "leftWrist": [364.69876466743654, 404.46196156067595, 1825.5274743699838], "rightAnkle": [104.59363077957869, 326.24731730301551, 88.877070445494155], "leftHip": [283.97949693731744, 578.6786615393969, 1408.6037550158071]}