{"rightShoulder": [286.36609360081445, 117.20116558954089, 1186.7780288055449], "leftAnkle": [388.60793880305795, 525.95827482680568, 9.3266385937649829], "rightEar": [595.90295841000022, 228.62018612907406, 1322.7385248426995], "leftEar": [528.26525855888121, 429.01109490591494, 1347.9296903010716], "leftEye": [655.34955976918877, 385.62064890816356, 1334.4131292581835], "nose": [691.59265318517839, 358.86419396229132, 1295.8752528295379], "leftShoulder": [372.72153273338853, 563.48603233194729, 1148.723569220989], "rightWrist": [391.22146653263917, 111.85563223972053, 625.18656942085022], "leftElbow": [338.71578593407332, 697.88722950984777, 771.70618396402438], "rightEye": [682.73326671221992, 310.87275149276712, 1332.311752698118], "rightHip": [0.0, 179.57359953266564, 575.55992662228687], "leftKnee": [622.58362759081228, 548.39588307697284, 403.37254670093375], "rightKnee": [403.2125879243693, 146.33193601531832, 453.20281724758956], "rightElbow": [96.263819844120121, 0.0, 806.32625429127052], "leftWrist": [434.2666036974752, 781.48077670742157, 662.24407608603929], "rightAnkle": [347.19968729615948, 255.42460895165493, 0.0], "leftHip": [229.73122216694804, 544.62349824442674, 697.78626308690741]}