{"rightShoulder": [342.53685039411448, 121.27257130372777, 1000.3031554989379], "leftAnkle": [117.51313902598071, 350.73079104162775, 0.0], "rightEar": [390.99161757901857, 126.48015450986748, 1134.4859029332811], "leftEar": [400.83687685059863, 334.7729961601633, 1176.3068473908702], "leftEye": [518.74744929849453, 290.1153802386342, 1087.7400560236081], "nose": [523.49301467795112, 263.97506343742634, 1027.2475571753498], "leftShoulder": [293.39261168138688, 392.26830881414617, 1043.1794169201014], "rightWrist": [199.6334827400234, 17.576074925203102, 636.29816035019167], "leftElbow": [142.46904364542968, 483.80762464679992, 858.11052893770011], "rightEye": [512.03258050839531, 213.57902519425716, 1069.4101061361735], "rightHip": [102.47551653681887, 131.63818530546177, 687.02034877844335], "leftKnee": [215.03724458004905, 359.74854522858482, 369.86471746813322], "rightKnee": [193.58535965389899, 134.8734113751359, 370.98627245699072], "rightElbow": [330.31047228309802, 0.0, 810.93970029354068], "leftWrist": [195.02251524804404, 480.89940771780698, 625.85716471739761], "rightAnkle": [123.40975249720179, 110.42875841188743, 6.771338932632716], "leftHip": [0.0, 324.66793862349846, 696.18284209434546]}