{"rightShoulder": [336.5584017091478, 42.778978999135688, 821.94997469118107], "leftAnkle": [44.566137062209748, 390.57524768940402, 0.0], "rightEar": [352.06957629833391, 52.852259728199556, 997.83416988322551], "leftEar": [324.30446361985264, 249.60526478316194, 972.05417563422316], "leftEye": [437.97526053467686, 194.28800675759123, 971.76243312261363], "nose": [482.6626533392664, 182.64074113745096, 921.17066412033705], "leftShoulder": [266.64591290299632, 346.51243692325966, 814.3250864454144], "rightWrist": [322.22163269598832, 28.632867810939615, 345.04170349767583], "leftElbow": [210.09967742899164, 373.10207974181003, 545.405203363091], "rightEye": [444.97538378633158, 132.3573510991431, 975.47365666669793], "rightHip": [0.0, 104.08110397444329, 460.9641220120061], "leftKnee": [163.4646698245673, 427.78344336539158, 243.69968671984452], "rightKnee": [300.0798737348801, 22.682323113611346, 240.49334537679579], "rightElbow": [300.32803976248192, 0.0, 549.42637376649645], "leftWrist": [266.10787444858192, 359.99318856876766, 310.41153319401928], "rightAnkle": [69.079008436831543, 54.104079706556149, 35.92255058727369], "leftHip": [28.139838591698549, 296.86835147267425, 455.90106876620575]}