{"rightShoulder": [185.84674048516536, 121.09757027830119, 2423.2650768710478], "leftAnkle": [484.3639253252677, 581.32906546388585, 194.34373670051036], "rightEar": [485.29269231061562, 244.70333304201085, 2704.9708380198199], "leftEar": [456.8394229161604, 498.09611445920473, 2678.875862566877], "leftEye": [700.26422570373325, 426.54866093142027, 2675.7973143581285], "nose": [692.90382284320322, 377.3307369247018, 2603.2495763162688], "leftShoulder": [257.07408100528983, 630.56497180508268, 2435.7549749589612], "rightWrist": [705.36242343294043, 1.4487447182027609, 1570.6383156386792], "leftElbow": [328.14603219236415, 733.73360552954773, 1891.2228448177584], "rightEye": [654.16740352170518, 326.36166298714124, 2707.7855538097333], "rightHip": [83.426226782891717, 280.10876512341929, 1415.9759630730177], "leftKnee": [747.05673087153491, 502.33225829128151, 807.6228806313834], "rightKnee": [0.0, 372.05999114634005, 639.60939969905121], "rightElbow": [135.44843408013139, 0.0, 1864.3664341789272], "leftWrist": [734.44823173790155, 778.08243498449656, 1646.9731882295714], "rightAnkle": [20.682979123601854, 427.92959440357481, 0.0], "leftHip": [279.65165692637402, 540.63463073017965, 1422.509453087001]}