{"rightShoulder": [1566.2711772991624, 80.648688311268643, 745.55078394914722], "leftAnkle": [1261.219500966316, 548.94000012553079, 61.221302151202053], "rightEar": [1330.2993543282587, 207.62455463976312, 1006.2591977481725], "leftEar": [1460.4383322366934, 333.47441576989729, 957.08982541980515], "leftEye": [1469.0558655869081, 241.19774706607637, 927.28932903009536], "nose": [1440.4469165007206, 212.39946466830816, 891.42422139647397], "leftShoulder": [1631.4441631661009, 481.31444531731768, 698.86902658246163], "rightWrist": [1239.179837241958, 123.60437406445499, 344.2393748497343], "leftElbow": [1451.1558531184905, 567.67375847939161, 476.42054385172423], "rightEye": [1406.1707769837249, 187.81405917426554, 943.92983703582331], "rightHip": [1670.222174345686, 102.34532568880013, 198.37073497369192], "leftKnee": [1318.1762672532957, 490.26696583753755, 467.73820234593518], "rightKnee": [1234.5246780736952, 49.863178387543257, 351.46274967759859], "rightElbow": [1300.0723795083109, 0.0, 445.29983519747839], "leftWrist": [1288.8103334222137, 500.16940547204445, 461.79514779159445], "rightAnkle": [1495.6215113074663, 496.3470036772319, 0.0], "leftHip": [1604.9716698269438, 399.24567590590254, 201.04045714151835]}