{"rightShoulder": [0.0, 312.35012995500983, 1629.7310121291339], "leftAnkle": [786.95733476334544, 1099.8494056078248, 0.0], "rightEar": [131.1840126839129, 418.75489753693455, 1937.4499359724584], "leftEar": [93.684668158743079, 687.4197599062195, 1890.9864663446922], "leftEye": [245.55303266354622, 610.90698574674752, 1901.6988587138251], "nose": [305.15472530854822, 581.01485505456594, 1897.0747906280396], "leftShoulder": [40.686473089433548, 796.48714841850051, 1597.2610931990207], "rightWrist": [518.30496393938483, 45.930451270671256, 938.48732938655121], "leftElbow": [222.39686483539072, 885.67458572090845, 1093.5834542953548], "rightEye": [259.52489474404183, 496.32300137174752, 1899.2628701057877], "rightHip": [31.965452676617133, 325.91883084189567, 774.21527218354777], "leftKnee": [857.87389661737006, 940.72304146020815, 811.4625894865635], "rightKnee": [719.55144622446505, 15.813335492917076, 830.9288097337062], "rightElbow": [113.29007991093113, 121.32296717306053, 1205.9258239983583], "leftWrist": [586.85403478006469, 872.28996354040009, 895.35827874209599], "rightAnkle": [792.80516248176082, 0.0, 12.055576665855824], "leftHip": [75.590321581651551, 663.96448133891636, 818.51276275990995]}