{"rightShoulder": [605.09361375837159, 6.5862397767600669, 1063.9200839643445], "leftAnkle": [571.38867850730912, 235.81474575300126, 78.675014639687561], "rightEar": [594.93494359713304, -31.508258218559035, 1242.3359178101014], "leftEar": [528.99779235034055, 154.94397293624525, 1210.1627587090973], "leftEye": [647.91721966766579, 127.41299863392601, 1243.0466374477178], "nose": [706.55949104014792, 130.11032617181422, 1207.7485157511317], "leftShoulder": [717.94621739612182, 254.80685357191783, 1088.0205985460602], "rightWrist": [610.87727299317964, 69.69355919341092, 625.87423278356982], "leftElbow": [725.12427988064985, 329.84066463743329, 858.746987635295], "rightEye": [668.30777331584397, 68.649323596112822, 1248.4537470257487], "rightHip": [619.8195991905252, 49.657602526724986, 610.97661876616348], "leftKnee": [604.59458655284095, 204.59328245098277, 358.46121078509896], "rightKnee": [594.3958724595675, 43.161859911589772, 284.32495918735503], "rightElbow": [612.7214040422881, 0.0, 840.65910447192664], "leftWrist": [879.87959752532652, 305.93447475452058, 905.26178174971028], "rightAnkle": [584.35063006070641, 1.6059655031183411, 0.0], "leftHip": [649.48422402002166, 216.53810336623337, 659.9438572313511]}