{"rightShoulder": [0.0, 270.01236910580428, 1314.86107672854], "leftAnkle": [0.0, 666.90556331650851, 13.398077849079527], "rightEar": [77.05586109762092, 355.63014579311925, 1575.2396303001383], "leftEar": [77.05586109762092, 555.83853801601936, 1567.2487437906934], "leftEye": [177.93974618777293, 487.05677323609257, 1600.0000000000005], "nose": [236.91707268473303, 474.6286427041548, 1567.4521046205818], "leftShoulder": [0.0, 645.85824370039791, 1340.9204441263698], "rightWrist": [0.0, 0.0, 835.87667225481027], "leftElbow": [0.0, 765.38069508944, 1053.2854780863445], "rightEye": [177.93974618777293, 424.65936981598384, 1597.821683575331], "rightHip": [0.0, 350.9337918358458, 739.8568239764893], "leftKnee": [0.0, 607.35100129598095, 375.75579042900699], "rightKnee": [0.0, 305.24130281865337, 399.80078587273829], "rightElbow": [0.0, 145.24892113708847, 1029.0736708678201], "leftWrist": [0.0, 872.81284971499053, 819.56236453603856], "rightAnkle": [0.0, 287.4820189514744, 0.0], "scaleBenchmark": 62.435414758114497, "leftHip": [0.0, 592.40501470638992, 756.13744994438866]}