{"rightShoulder": [108.05563537403452, 124.73398553357674, 1510.0776390801616], "leftAnkle": [382.11196166787727, 267.19442363956523, 0.0], "rightEar": [134.81455316612895, 269.21718673752542, 1745.5526994803051], "leftEar": [158.64785689287459, 496.18691371734792, 1765.0064946131486], "leftEye": [248.72371147325839, 403.03841328277895, 1793.0216015684578], "nose": [266.63264858498871, 366.26133152697457, 1751.9717719260532], "leftShoulder": [0.0, 573.24212457115937, 1485.2480798547485], "rightWrist": [585.40169663545328, 180.9423559578704, 1633.4597717353131], "leftElbow": [338.87112321558601, 674.11177514097244, 1354.0906701615272], "rightEye": [239.37093789219168, 315.9826282413124, 1789.3991556723531], "rightHip": [228.9608952812909, 197.68055802366325, 816.86257256295994], "leftKnee": [383.11858417846122, 345.83786877249099, 427.69061721138587], "rightKnee": [372.61877977904714, 248.68581361834731, 391.8082154405347], "rightElbow": [431.01905275639967, 0.0, 1322.0574890080861], "leftWrist": [628.01674380601901, 517.74626128730665, 1677.641175137265], "rightAnkle": [374.22833063308906, 205.52328072962268, 19.620320394481951], "leftHip": [97.061256627880709, 452.19495113994185, 860.02910646588134]}