{"rightShoulder": [31.835377813080271, 73.661164452295907, 1482.5818209689269], "leftAnkle": [28.687440342799732, 472.15255911629447, 6.1276033739677587], "rightEar": [0.025039925200069035, 218.41591846135566, 1711.6691221770934], "leftEar": [36.179333753176024, 419.25658332578291, 1651.7715196973631], "leftEye": [162.91306091640806, 355.34912133859234, 1711.7355171420688], "nose": [200.90804679641877, 304.00118649925798, 1694.8550667375926], "leftShoulder": [143.36737473738492, 471.53804356527803, 1527.2534384733203], "rightWrist": [290.81581192487675, 328.6668982436629, 1313.7067089098591], "leftElbow": [252.07137910884308, 509.61015325129574, 1173.0621093001782], "rightEye": [149.66358576841645, 279.63275632853333, 1729.9117006575741], "rightHip": [94.03967153831249, 149.23503478994303, 821.53803708480882], "leftKnee": [95.801276425090393, 472.97770030168635, 417.36118117334945], "rightKnee": [130.59657398863516, 41.402722921618988, 420.1197283177612], "rightElbow": [199.42031246955557, 42.711310988810055, 1184.7084286277254], "leftWrist": [316.31467778641581, 409.33479915253588, 1314.6435541794235], "rightAnkle": [50.173067497909557, 0.0, 0.0], "leftHip": [208.01971450200529, 411.66808856232524, 843.10751384708146]}