{"rightShoulder": [0.0, 100.62041719840272, 1356.260689009001], "leftAnkle": [0.0, 453.82597737859669, 19.835794218228784], "rightEar": [88.308039429533295, 203.17244767189527, 1569.9921836814558], "leftEar": [88.308039429533295, 374.66046854789033, 1563.6962479970239], "leftEye": [160.59944530307951, 321.35373567851798, 1600.0], "nose": [178.15048467813401, 303.27267671905111, 1550.1708293806894], "leftShoulder": [0.0, 458.10861989007572, 1363.0486791453081], "rightWrist": [0.0, 0.0, 842.46902618502372], "leftElbow": [0.0, 521.71711466528905, 1087.0236438835457], "rightEye": [160.59944530307951, 254.72426972119933, 1594.6471357639175], "rightHip": [0.0, 178.75064100450481, 797.06158652229033], "leftKnee": [0.0, 394.8149065374696, 365.24897802746], "rightKnee": [0.0, 163.55168423367854, 357.96546610347332], "rightElbow": [0.0, 9.8194949968046785, 1116.6388173400364], "leftWrist": [0.0, 507.07933961078402, 852.04027749439547], "rightAnkle": [0.0, 185.06031436117269, 0.0], "scaleBenchmark": 66.844138780355422, "leftHip": [0.0, 390.99811595286656, 784.96901150919575]}