{"rightShoulder": [0.0, 194.88331605647954, 1349.5952284758664], "leftAnkle": [0.0, 482.03760297648273, 20.950662843055397], "rightEar": [98.805522314426014, 257.40805153265478, 1564.4355642740397], "leftEar": [98.805522314426014, 463.48329265238885, 1575.966626332674], "leftEye": [173.49036036438417, 375.18398384107218, 1600.0], "nose": [192.64824561279389, 346.67586122708167, 1572.2560067972918], "leftShoulder": [0.0, 530.32424366689952, 1328.8887927753717], "rightWrist": [0.0, 0.0, 852.25652419342305], "leftElbow": [0.0, 614.2819521921931, 1085.1976402694258], "rightEye": [173.49036036438417, 301.72893172048566, 1592.6722156054354], "rightHip": [0.0, 274.37985728355329, 840.29804442452132], "leftKnee": [0.0, 407.89231207960324, 407.93855435883006], "rightKnee": [0.0, 304.97834111078078, 409.79924019569717], "rightElbow": [0.0, 103.9865169801933, 1061.6135928047984], "leftWrist": [0.0, 677.3906985514725, 885.24828850008316], "rightAnkle": [0.0, 323.39893687221479, 0.0], "scaleBenchmark": 73.819652574170959, "leftHip": [0.0, 473.19724332958162, 837.71720784752506]}