{"rightShoulder": [190.22390066099069, 601.10507166519619, 996.21256968572288], "leftAnkle": [67.540296203533956, 723.4815026459446, 13.204976469888607], "rightEar": [244.16893299363517, 681.27070239567513, 1060.2946156653813], "leftEar": [276.77537330562666, 829.63164940114609, 1089.4359121008908], "leftEye": [356.48197865996781, 783.09230110217368, 1045.5683341927493], "nose": [347.71904170789662, 748.62822782119383, 1019.9987646175737], "leftShoulder": [266.03587095939088, 801.43108909287321, 917.52969456520532], "rightWrist": [365.35398587155231, 296.75625701683612, 715.62823662092069], "leftElbow": [328.31175475317804, 804.09627290863591, 783.000606383388], "rightEye": [349.90043909664109, 713.11981351674717, 1044.7397389886455], "rightHip": [54.149904042758862, 365.79729389028989, 638.57704922299899], "leftKnee": [140.29416742115183, 291.21646302941781, 439.13609158599229], "rightKnee": [187.46022865450553, 235.29162245091993, 437.88412808405974], "rightElbow": [263.85986738964789, 333.91424325478056, 767.44384456166881], "leftWrist": [395.6398826421605, 770.10650873974555, 716.98254187709472], "rightAnkle": [36.779966478067706, 0.0, 0.0], "leftHip": [0.0, 418.97810081485522, 647.42386767316839]}