{"rightShoulder": [0.0, 231.70339312257215, 1297.9669281763634], "leftAnkle": [0.0, 567.56033021143003, 4.7703719425562667], "rightEar": [60.231468802011307, 318.71371446488774, 1565.0287840182634], "leftEar": [60.231468802011307, 540.30730144730296, 1541.4594662967577], "leftEye": [153.71647095276489, 470.81669966640197, 1572.4473311372772], "nose": [183.30195241658083, 436.41429200742323, 1553.2225409131202], "leftShoulder": [0.0, 614.45197418333919, 1276.0750871424186], "rightWrist": [0.0, 0.0, 835.42249597768591], "leftElbow": [0.0, 724.47473974188961, 1004.4271295541894], "rightEye": [153.71647095276489, 390.89523669054938, 1599.9999999999998], "rightHip": [0.0, 303.82227871745363, 711.9225282217958], "leftKnee": [0.0, 545.60162034192308, 343.40109604581357], "rightKnee": [0.0, 268.557601656104, 333.22128923855553], "rightElbow": [0.0, 139.84660479571221, 998.0875407224064], "leftWrist": [0.0, 814.61731584367681, 779.09083459448607], "rightAnkle": [0.0, 217.26751189791776, 0.0], "scaleBenchmark": 84.537505319588305, "leftHip": [0.0, 541.21807191648054, 697.58788133553753]}