{"rightShoulder": [107.06603152846745, 142.56537081623264, 1360.2011540888277], "leftAnkle": [5.0594455463988481, 523.53344061813709, 0.0], "rightEar": [-1.6076925216398408, 205.35037111936521, 1661.637671649351], "leftEar": [15.728340310240988, 416.32433152484919, 1641.1126039349233], "leftEye": [149.23293753585892, 353.53362479474936, 1685.5550606158668], "nose": [190.79787373456679, 309.9044100179176, 1658.462134105444], "leftShoulder": [10.074003978297554, 494.97225191976077, 1355.4075997764635], "rightWrist": [176.08862599029393, 0.0, 746.67353142595653], "leftElbow": [5.1874912958899415, 538.17405930304972, 962.45003330433542], "rightEye": [142.93242657046767, 274.87256013235509, 1688.9654325862934], "rightHip": [72.286308116282001, 217.36597562435327, 718.53883214331586], "leftKnee": [48.000895299989082, 497.89733372005821, 366.8126771150628], "rightKnee": [0.0, 190.88437108055336, 345.99977104643222], "rightElbow": [77.532474166525759, 83.733387905634572, 973.5098226181633], "leftWrist": [140.76153945872497, 649.34089352622323, 719.97299399999929], "rightAnkle": [0.93125305593062535, 175.15879497793571, 26.082999547678355], "leftHip": [77.255670293773193, 415.07510477639744, 715.88257840616961]}