{"rightShoulder": [866.05817108979136, 179.89760809911695, 884.65318144363027], "leftAnkle": [512.09587631406703, 331.14524912128104, 0.0], "rightEar": [614.45660897499829, 316.99032685384623, 1061.3915733067677], "leftEar": [767.85940696070077, 332.681130437604, 1049.3605319064732], "leftEye": [726.38346992664913, 312.39233614679983, 958.1929403944373], "nose": [684.65081847862291, 324.3058313574038, 952.29220023858022], "leftShoulder": [830.47356745356831, 464.64844848735174, 830.46845663786371], "rightWrist": [448.76914409330755, 186.32462602380633, 653.07369141267827], "leftElbow": [637.38117061501396, 456.13163235046068, 599.90004835302352], "rightEye": [659.77306936509535, 290.48301595291105, 963.00838197331484], "rightHip": [896.34527095434748, 197.82790194125164, 455.97923928966293], "leftKnee": [522.23048056229607, 357.23118682974587, 314.48640203839386], "rightKnee": [560.25136705671002, 256.82457914443626, 543.16325921927319], "rightElbow": [667.56832298553479, 0.0, 682.08812651985181], "leftWrist": [489.27861571877611, 403.37526112253454, 587.65816403700501], "rightAnkle": [547.93052780275104, 325.39658451094738, 29.230665599645363], "leftHip": [901.04373458434475, 383.98630704307789, 374.87933498620941]}