{"rightShoulder": [1089.7181414205834, 55.466984970114709, 1573.7738944521727], "leftAnkle": [0.0, 226.64987628099061, 218.82165855223002], "rightEar": [1313.8977954573277, 229.6699956774944, 1827.7632688974961], "leftEar": [1337.4159828188392, 409.24559279991263, 1778.8606301747488], "leftEye": [1411.9603958255591, 359.61364711163117, 1817.032812583788], "nose": [1441.9297289317462, 319.15402742425158, 1797.0583981900711], "leftShoulder": [1332.2750215810229, 496.49595872801387, 1593.8780898536334], "rightWrist": [1208.5886530570119, 73.710326315661405, 1095.301220040652], "leftElbow": [1223.9360541274873, 553.83095685181161, 1311.4928476635309], "rightEye": [1401.9252474316077, 277.32591228469357, 1831.4994466778724], "rightHip": [948.37658552372227, 161.87631989273746, 855.4511606558749], "leftKnee": [861.23280883528912, 380.75942736748812, 655.30827000280806], "rightKnee": [842.06560296807424, 146.37082207985463, 320.69178457964426], "rightElbow": [977.11951079426296, 0.0, 1126.8967048628747], "leftWrist": [1249.2894875136415, 527.59524989293504, 1083.7749874045858], "rightAnkle": [713.89235514445477, 106.19106766801087, 0.0], "leftHip": [1067.6926657689407, 405.03984836177824, 1061.040079254939]}