{"rightShoulder": [12.372161836739224, 205.25199538749155, 2019.6154479314343], "leftAnkle": [1703.2618699779832, 552.91503614182125, 537.00374579875779], "rightEar": [523.3830201639571, 348.92134153766193, 2615.1528681002283], "leftEar": [615.08935969455206, 556.63044731843331, 2645.2959957174594], "leftEye": [677.95249269463557, 439.91488851180429, 2646.2199931107875], "nose": [676.38147460024823, 405.38124750073064, 2599.7083620355297], "leftShoulder": [597.68419019484963, 595.95981129983556, 2070.5752894620723], "rightWrist": [859.44769386650319, 0.0, 1449.955422247589], "leftElbow": [1260.1676755689182, 719.53853830737307, 1196.1944508918305], "rightEye": [643.30316257585696, 359.80109153266358, 2638.441198022866], "rightHip": [221.61918838957655, 248.2582602970848, 630.45199575936431], "leftKnee": [1684.775718407918, 525.25294131882879, 1208.3554738732264], "rightKnee": [1575.1839723091978, 417.54777194618703, 971.16684878199931], "rightElbow": [0.0, 71.616445372285398, 1190.6419919274822], "leftWrist": [1073.4371291449011, 828.70460312297496, 1657.487664458733], "rightAnkle": [1706.7965973130586, 447.94306746711766, 0.0], "leftHip": [703.89812538406102, 523.77414777945955, 829.60153248220013]}