{"rightShoulder": [72.346532731576588, 230.62809676645202, 1744.6484918259944], "leftAnkle": [33.050879698632855, 700.41225365927676, 23.529117843838776], "rightEar": [184.55002849623298, 372.48824067033433, 2018.6473483637224], "leftEar": [175.31253468879029, 583.70222849369418, 1995.5140722421766], "leftEye": [313.89941894554795, 539.22067468631406, 2046.0744240087795], "nose": [361.81235194010947, 501.06729584041477, 2021.2984375572839], "leftShoulder": [226.79054618353027, 720.53563042746487, 1767.6841130900948], "rightWrist": [193.62463436399779, 0.0, 1181.2878998505882], "leftElbow": [246.49857796556873, 974.41086267268747, 1425.03262201343], "rightEye": [317.67692407060878, 460.44679999866378, 2050.467292200241], "rightHip": [81.2887434429054, 309.32488553098915, 1028.3946247612998], "leftKnee": [101.14319969944802, 673.29694358829897, 501.4149167630203], "rightKnee": [89.616937279888703, 243.08405581198645, 508.5332975880201], "rightElbow": [3.3078320567167339, 9.6952979074108043, 1427.8296148614941], "leftWrist": [287.98104869382587, 865.3891700898123, 1205.400300796013], "rightAnkle": [0.0, 250.55148448475529, 0.0], "leftHip": [209.19348553617414, 655.40571683024473, 1015.6409871738947]}