{"rightShoulder": [66.068363066362906, 212.84342568600249, 1306.4332648332249], "leftAnkle": [73.492710206773154, 491.23788753464629, 0.0], "rightEar": [147.75314456028082, 286.93345558836762, 1573.5249731680449], "leftEar": [187.76150927703873, 478.84942366213699, 1563.6741962341132], "leftEye": [268.5212503370883, 430.22706658163037, 1592.5769723582507], "nose": [261.0064054310638, 398.71145649885403, 1565.3234427257571], "leftShoulder": [161.03117305368681, 570.33000706600501, 1313.3719633254345], "rightWrist": [142.88417533627288, 0.0, 806.54334354745743], "leftElbow": [120.35092054902267, 711.69819414213771, 1046.2083019380473], "rightEye": [222.72972536156669, 352.74238024579012, 1600.0], "rightHip": [103.69011829736002, 231.72499660841783, 703.1668369498268], "leftKnee": [94.438594576229093, 509.69254321261218, 351.12556667327181], "rightKnee": [52.047150733739045, 259.02380690273691, 336.90276065036278], "rightElbow": [58.633252633182281, 91.222608802744332, 1021.6584705807009], "leftWrist": [225.29913861174185, 816.16361394434307, 830.78868540397525], "rightAnkle": [0.0, 275.23918104638477, 8.5078252168368635], "scaleBenchmark": 77.839437022204407, "leftHip": [144.78635054101866, 485.41227684919585, 726.13524852816477]}