{"rightShoulder": [250.48544850465521, 229.72920745309818, 1116.1752816817009], "leftAnkle": [23.143610461399817, 673.4493792587208, 1.3072498679803175], "rightEar": [346.42762276967483, 347.17927605647185, 1237.5214338016845], "leftEar": [412.52518908613342, 474.75110667424286, 1205.9480235043234], "leftEye": [425.60338348919777, 429.48085147596697, 1193.142704608962], "nose": [396.66040153088852, 402.51015584016471, 1216.4470426781018], "leftShoulder": [148.93114125327213, 564.49562534714744, 1146.1515848389754], "rightWrist": [277.16473805611895, 160.32236511457825, 1201.8275057545693], "leftElbow": [104.6532836290292, 796.79002739125542, 943.86288529323065], "rightEye": [411.74615009039258, 368.76544065643276, 1214.8007993664232], "rightHip": [66.462927068905969, 334.96108644771437, 680.87587739595438], "leftKnee": [219.78089916916954, 718.39055951627131, 358.44636216822164], "rightKnee": [270.55192793213456, 149.43195086222966, 393.43709043988929], "rightElbow": [269.38350828596066, 0.0, 991.91069800683545], "leftWrist": [256.99536093483022, 800.49985674484981, 1202.5255359433284], "rightAnkle": [0.0, 280.50186951278999, 0.0], "leftHip": [3.5150587188834379, 551.8814705613994, 653.43975897355494]}