{"rightShoulder": [127.51630137402731, 69.202496124148865, 1427.7769276659774], "leftAnkle": [473.85483227444047, 502.50404684460113, 0.0], "rightEar": [238.24005578185779, 236.78539754073449, 1706.513768771279], "leftEar": [0.0, 454.68597245865772, 1659.5524740849949], "leftEye": [303.71200525899803, 366.67286486198941, 1688.233048850924], "nose": [261.69915795233464, 304.27876299550098, 1637.3911094813957], "leftShoulder": [269.70366837913411, 477.94374696011687, 1402.6018721881078], "rightWrist": [210.0983497233708, 39.308449355544781, 2173.0826819750118], "leftElbow": [130.634725726532, 560.41723157830734, 1750.9457798820524], "rightEye": [215.66334812743207, 316.60834713946997, 1714.5741769516048], "rightHip": [177.37637934703321, 153.75030208839985, 677.72997856882284], "leftKnee": [709.18054436709599, 555.62606395914395, 480.20958095209153], "rightKnee": [537.10343962791831, 53.388459083171256, 442.73055614664372], "rightElbow": [115.44896985955756, 0.0, 1794.8240800553258], "leftWrist": [168.8898555295475, 625.40824492339493, 2183.1107628967047], "rightAnkle": [360.06891035384251, 137.61236928501944, 4.7447258025290466], "leftHip": [255.04469198382776, 442.33771583171188, 694.97832563229576]}