{"rightShoulder": [313.20515151233184, 233.09558597674936, 1576.3071663602766], "leftAnkle": [1145.6324490248992, 739.81663180326336, 0.0], "rightEar": [197.20069219748177, 635.3298327830596, 1971.6530766027888], "leftEar": [230.74904894785072, 823.16593868438679, 1910.5027727371432], "leftEye": [319.99342273165814, 748.71005219411779, 1960.2310035049484], "nose": [374.34519194221224, 717.97177149323466, 1932.0673346013082], "leftShoulder": [0.0, 853.11322240483992, 1522.8645348880543], "rightWrist": [729.12245148599322, 0.0, 960.20347849215136], "leftElbow": [391.11299042513986, 875.34160928786855, 988.47247853074145], "rightEye": [309.30910756431348, 688.94330589194476, 1974.7899341619136], "rightHip": [441.62889914567234, 267.58456817091042, 668.617722685025], "leftKnee": [705.64001348101203, 921.31299271548619, 661.34910033530559], "rightKnee": [1164.5720328767179, 120.92255833485251, 659.08971939109961], "rightElbow": [540.69991261149028, 49.568929527941236, 1133.293449407086], "leftWrist": [916.52893739150477, 798.58978129825095, 954.70236495307404], "rightAnkle": [1166.256541746362, 38.645106756467158, 25.981209718607715], "leftHip": [306.69132728376576, 690.30048243914439, 614.23270765452799]}