{"rightShoulder": [15.951999001987332, 52.648565813163714, 1231.5898673819111], "leftAnkle": [99.855996411547807, 426.627359612801, 14.213489435112479], "rightEar": [-27.351334553355059, 70.384123879824699, 1475.2786723312172], "leftEar": [-14.154914238016886, 282.52257476750981, 1482.6922108951421], "leftEye": [123.2369969717046, 217.27829843619219, 1507.3484358296305], "nose": [162.94901370472158, 178.69605539731197, 1471.2992303012131], "leftShoulder": [141.13696572249285, 341.61946687856539, 1234.7088739520714], "rightWrist": [269.95368109078515, 246.0252989032565, 1029.4655451650306], "leftElbow": [273.49543827188643, 383.05544474685576, 973.003503750037], "rightEye": [118.13340178385747, 138.76508240009798, 1500.3829212720959], "rightHip": [143.13428795712181, 123.89829802938425, 659.87924183039286], "leftKnee": [167.1919369568738, 405.60800390649979, 325.57629047583578], "rightKnee": [154.19047212811245, 91.758508430528991, 323.99537061690125], "rightElbow": [243.11871405097025, 0.0, 974.90037039394747], "leftWrist": [271.13745256224684, 229.37743565306209, 1051.0140367432764], "rightAnkle": [100.71970520924755, 115.42731058120739, 0.0], "leftHip": [227.92201552169882, 318.23201014272604, 672.18993495130962]}