{"rightShoulder": [292.33296883780207, 566.03778164203482, 1405.3823890850044], "leftAnkle": [283.32541524456957, 650.59684117529196, 211.91034716192326], "rightEar": [148.27217356353299, 628.3363504623801, 1684.6861304546574], "leftEar": [142.22657294016449, 829.51490876524622, 1615.9659238157974], "leftEye": [287.10706747556435, 783.73242445070628, 1641.5567174932958], "nose": [325.68892070672359, 736.68664015951731, 1615.8018392792385], "leftShoulder": [90.252594176695908, 869.56561262210744, 1495.2141415592032], "rightWrist": [455.23776209441405, 0.0, 999.22321085426347], "leftElbow": [21.151192232913843, 1082.1435621851629, 1239.7791651367252], "rightEye": [288.62382983875636, 707.75865945666169, 1663.1107573416934], "rightHip": [375.04386254232298, 508.12099663053755, 838.97726850373192], "leftKnee": [409.84149934464313, 713.29288529635937, 529.10362451111905], "rightKnee": [439.41880761261615, 467.19322162076492, 408.7660149938165], "rightElbow": [339.38387678324239, 254.71754902577391, 1120.9637136124538], "leftWrist": [0.0, 1241.433284937011, 1011.9113342434512], "rightAnkle": [306.36137585129757, 370.80190777867961, 0.0], "leftHip": [232.20076662422841, 758.05306936803208, 928.44527224048352]}