{"rightShoulder": [59.926358069397736, 95.462204898706887, 496.49954512820364], "leftAnkle": [586.6792813559108, 533.86240340871359, 0.0], "rightEar": [65.462193468886454, 162.07378916034452, 652.81405976851534], "leftEar": [90.457000881858363, 361.65574918278151, 652.28972533277329], "leftEye": [194.57538142796616, 282.36545597348555, 673.24003495816601], "nose": [217.93970119424668, 239.22527304670621, 631.04540464830438], "leftShoulder": [4.6396800026393521, 403.73239925143253, 487.4873563644046], "rightWrist": [334.25106372245415, 291.33609541062083, 335.34094390168229], "leftElbow": [179.67070770404371, 511.49985974001993, 259.6767415422305], "rightEye": [184.44626398134548, 198.85843074366699, 676.80659023804333], "rightHip": [0.0, 84.851849242468461, 67.645081052423848], "leftKnee": [351.43352913031822, 505.31500087822064, 211.86575863669395], "rightKnee": [394.44961295227301, 69.250897345155636, 222.54464017055602], "rightElbow": [204.80217491625095, 0.0, 339.82596259215006], "leftWrist": [268.57395025787781, 478.09253822345545, 282.20773137987362], "rightAnkle": [632.69217710510429, 477.7696697860938, 5.4976877354897624], "leftHip": [13.51744649254195, 287.39251083463296, 38.324770367338715]}